-- phpMyAdmin SQL Dump
-- version 5.2.3
-- https://www.phpmyadmin.net/
--
-- Host: 127.0.0.1:3306
-- Generation Time: Jun 08, 2026 at 12:56 AM
-- Server version: 8.4.7
-- PHP Version: 8.3.28

SET SQL_MODE = "NO_AUTO_VALUE_ON_ZERO";
START TRANSACTION;
SET time_zone = "+00:00";


/*!40101 SET @OLD_CHARACTER_SET_CLIENT=@@CHARACTER_SET_CLIENT */;
/*!40101 SET @OLD_CHARACTER_SET_RESULTS=@@CHARACTER_SET_RESULTS */;
/*!40101 SET @OLD_COLLATION_CONNECTION=@@COLLATION_CONNECTION */;
/*!40101 SET NAMES utf8mb4 */;

--
-- Database: `term_assessment`
--

--
-- Dumping data for table `courses`
--

INSERT INTO `courses` (`course_id`, `course_name`) VALUES
('C001', 'Business'),
('C002', 'Computer Science'),
('C003', 'English'),
('C004', 'Law'),
('C005', 'Mathematics'),
('C006', 'Accounting');

--
-- Dumping data for table `emergency_contacts`
--

INSERT INTO `emergency_contacts` (`emergency_contact_id`, `first_name`, `last_name`, `phone_number`) VALUES
('EC0001', 'Anne', 'Matthews', '07532458954'),
('EC0002', 'Phillip', 'Walker', '07321894356'),
('EC0003', 'Andrew', 'Olson', '07789543289'),
('EC0004', 'Jane', 'Patel', '07321985286'),
('EC0005', 'George', 'Quimby', '07631247865'),
('EC0006', 'Ceri', 'Rhys', '07734893493'),
('EC0007', 'Emmanuella', 'Johnson', '07345678932'),
('EC0008', 'Kerry', 'Thomson', '07498584393'),
('EC0009', 'Kimberley', 'Upton', '07678934376'),
('EC0010', 'Leanne', 'Vincent', '07734327389'),
('EC0011', 'Mary', 'Williamson', '07842347238'),
('EC0012', 'Andrew', 'Xavier', '07323895487'),
('EC0013', 'Jane', 'Young', '07734262783'),
('EC0014', 'Joanna', 'Miller', '07829387461'),
('EC0015', 'Adoniram', 'Black', '07739817326'),
('EC0016', 'Keri', 'Grange', '07734884627'),
('EC0017', 'Emily', 'Barmey', '07348936432'),
('EC0018', 'Seth', 'Carverson', '07498583932'),
('EC0019', 'Kimberley', 'Diller', '07678998725'),
('EC0020', 'Victoria', 'Eaton', '07735647827'),
('EC0021', 'John', 'Fuller', '07842328734'),
('EC0022', 'Anne', 'George', '073238839476'),
('EC0023', 'Jane', 'Young', '07734262783'),
('EC0024', 'Jon', 'Heath', '07829338948'),
('EC0025', 'Carl', 'Jason', '07739898374'),
('EC0026', 'Margaret', 'Villanueva', '07943821654'),
('EC0027', 'Geraldine', 'Johnston', '07865234917'),
('EC0028', 'Benji', 'Martinburg', '07512378945'),
('EC0029', 'Nathaniel', 'Romain', '07698341527'),
('EC0030', 'Winifred', 'Marner', '07423916748'),
('EC0031', 'Bronwen', 'Klin', '07856129473'),
('EC0032', 'Reginald', 'Samson', '07934762453'),
('EC0033', 'Prudence', 'Norfolk', '07612845739'),
('EC0034', 'Alice', 'Upton', '07781234596'),
('EC0035', 'Constance', 'Vane', '07459823167'),
('EC0036', 'Bernice', 'Snowe', '07523698741'),
('EC0037', 'Benard', 'Kevinson', '07867345912'),
('EC0038', 'Odinakachi', 'Eze', '07934127856'),
('EC0039', 'Onesimus', 'Black', '07612539487'),
('EC0040', 'Ionnes', 'Moor', '07478923615'),
('EC0041', 'Mary', 'Cloke', '07851267394'),
('EC0042', 'Phoebe', 'Daw', '07739456182'),
('EC0043', 'Milicent', 'Okoro', '07923814756'),
('EC0044', 'Marie', 'Nakashima', '07564738291'),
('EC0045', 'Ayomide', 'Braithwaite', '07812456739'),
('EC0046', 'Rachael', 'Monteiro', '07934256781'),
('EC0047', 'Claire', 'Hensley', '07812567394'),
('EC0048', 'Toby', 'Ashford', '07645923817'),
('EC0049', 'Beatrice', 'Baxter', '07723841965'),
('EC0050', 'Saul', 'Crook', '07534619827'),
('EC0051', 'Edith', 'Hunter', '07892345671'),
('EC0052', 'Godfrey', 'Johnson', '07456781234'),
('EC0053', 'Rhys', 'Jackson', '07923456178'),
('EC0054', 'Heather', 'Crawley', '07612934857'),
('EC0055', 'Jane', 'Crane', '07845123796'),
('EC0056', 'Aneurin', 'Sussex', '07531896742'),
('EC0057', 'Akachukwu', 'Okafor', '07967234581'),
('EC0058', 'Claude', 'Thistlethwaite', '07734512896'),
('EC0059', 'Reuben', 'Goldstein', '07823967145'),
('EC0060', 'Marvin', 'Hobbs', '07456218973'),
('EC0061', 'Sylvia', 'Nair', '07912345678'),
('EC0062', 'Margot', 'Green', '07634897512'),
('EC0063', 'Margaret', 'Dahl', '07789123456'),
('EC0064', 'Mariam', 'Mahmood', '07523786941'),
('EC0065', 'Andrew', 'Finner', '07867451239'),
('EC0066', 'Llewelyn', 'Drummond', '07412589673'),
('EC0067', 'Agatha', 'Alderman', '07956123784'),
('EC0068', 'William', 'Brownwood', '07734896521'),
('EC0069', 'Sylvia', 'Forester', '07623451897'),
('EC0070', 'Algernon', 'Wolfe', '07845679123'),
('EC0071', 'Shirley', 'Moor', '07934512876'),
('EC0072', 'Brabantio', 'Glyde', '07812345691'),
('EC0073', 'Jamie', 'Kenzie', '07645239817'),
('EC0074', 'Norma', 'Jackson', '07723156894'),
('EC0075', 'Clifton', 'Ripon', '07534891627'),
('EC0076', 'Deirdre', 'Jensen', '07892134765'),
('EC0077', 'Glenda', 'Rhys', '07456892341'),
('EC0078', 'Sandra', 'Dusk', '07923817456'),
('EC0079', 'Jemimah', 'Seacroft', '07612748395'),
('EC0080', 'Lorraine', 'Brownlee', '07845912673'),
('EC0081', 'Chester', 'Stride', '07531267894'),
('EC0082', 'Jenny', 'Eagle', '07967845123'),
('EC0083', 'Susanne', 'Blunt', '07734123895'),
('EC0084', 'Norbert', 'Ripon', '07823451976'),
('EC0085', 'Eve', 'Fisher', '07456789132'),
('EC0086', 'Carrie', 'Fenn', '07912678345'),
('EC0087', 'Dolores', 'Stonehouse', '07634512897'),
('EC0088', 'Daisy', 'Marsh', '07789456123'),
('EC0089', 'Clive', 'Vane', '07523194786'),
('EC0090', 'Wynona', 'Grimshaw', '07867923451'),
('EC0091', 'Julie', 'Smith', '07789341447'),
('EC0092', 'Hilda', 'Jones', '07923656597'),
('EC0093', 'Andrew', 'Williams', '07890613041'),
('EC0094', 'Matthew', 'Taylor', '07631931116'),
('EC0095', 'Brian', 'Brownlee', '07923815515'),
('EC0096', 'Frederica', 'Brownmore', '07789991255'),
('EC0097', 'David', 'Grainger', '07456810281'),
('EC0098', 'Diane', 'Coldwell', '07923144723'),
('EC0099', 'Anne', 'Pembrook', '07631480141'),
('EC0100', 'Carol', 'Glover', '07654643849'),
('EC0101', 'Charles', 'Tanner', '07532474892'),
('EC0102', 'Keziah', 'Mitchell', '07654724340'),
('EC0103', 'Mark', 'Martin', '07789138862'),
('EC0104', 'Philomena', 'Archer', '07923185102'),
('EC0105', 'Dinah', 'Wilson', '07734747381'),
('EC0106', 'Carlene', 'Robinson', '07631925455'),
('EC0107', 'Samuel', 'Glover', '07734671967'),
('EC0108', 'Susan', 'Walker', '07654158529'),
('EC0109', 'Alexander', 'Weaver', '07789737570'),
('EC0110', 'Edwin', 'Delacroix', '07321250640'),
('EC0111', 'Mark', 'Milker', '07789317662'),
('EC0112', 'Laura', 'Fletcher', '07654936727'),
('EC0113', 'Lisa', 'Messenger', '07812294984'),
('EC0114', 'Catharine', 'Jensen', '07532714143'),
('EC0115', 'Elizabeth', 'Evans', '07923518487'),
('EC0116', 'Steven', 'Robinson', '07923953214'),
('EC0117', 'Dawson', 'Reece', '07532491114'),
('EC0118', 'Steven', 'Campbell', '07654341392'),
('EC0119', 'Helen', 'Moore', '07734210885'),
('EC0120', 'Laura', 'Evans', '07631502186'),
('EC0121', 'David', 'Shaw', '07654541564'),
('EC0122', 'Lisa', 'Brown', '07456407264'),
('EC0123', 'Laura', 'Carter', '07654659146'),
('EC0124', 'Lisa', 'White', '07734529216'),
('EC0125', 'Matthew', 'Davies', '07734497366'),
('EC0126', 'Catherine', 'Morgan', '07890799171'),
('EC0127', 'Julius', 'Robinson', '07812307258'),
('EC0128', 'Rachel', 'Edwards', '07734991767'),
('EC0129', 'Karen', 'Carter', '07734789089'),
('EC0130', 'Helen', 'White', '07812788449'),
('EC0131', 'Robert', 'Martin', '07456312334'),
('EC0132', 'Naan', 'Warburton', '07654315269'),
('EC0133', 'Johann', 'Thompson', '07456656826'),
('EC0134', 'Catherine', 'Campbell', '07734310013'),
('EC0135', 'Claire', 'Carter', '07734179242'),
('EC0137', 'Daniel', 'Turner', '07734303427'),
('EC0138', 'Steven', 'Robinson', '07789377664'),
('EC0139', 'Susan', 'Shaw', '07789568240'),
('EC0140', 'Amanda', 'White', '07456849777'),
('EC0141', 'Lisa', 'Evans', '07734585660'),
('EC0142', 'Amanda', 'Davies', '07654700621'),
('EC0143', 'Diane', 'Pearce', '07789178376'),
('EC0144', 'Erica', 'Martin', '07532220447'),
('EC0145', 'Freya', 'Hussain', '07812787008'),
('EC0146', 'Naomi', 'Parker', '07456388728'),
('EC0147', 'Kiera', 'Baker', '07923374241'),
('EC0148', 'Daniel', 'Cooke', '07532516560'),
('EC0149', 'Helen', 'Hall', '07734266216'),
('EC0150', 'Michael', 'Edwinson', '07923340753'),
('EC0151', 'Robert', 'Harris', '07789386053'),
('EC0152', 'Brian', 'Brown', '07456307869'),
('EC0153', 'Jubril', 'Akbar', '07812784299'),
('EC0154', 'Carol', 'Runner', '07321859953'),
('EC0155', 'Susan', 'Swanson', '07456190710'),
('EC0156', 'Amanda', 'McCarthy', '07812920281'),
('EC0157', 'Matthew', 'Sullivan', '07890268934'),
('EC0158', 'Michael', 'Briner', '07812948746'),
('EC0159', 'Julie', 'Ryston', '07789874740'),
('EC0160', 'Thomas', 'Moore', '07456866186'),
('EC0161', 'Helen', 'Walsh', '07321920787'),
('EC0162', 'James', 'Turner', '07654868609'),
('EC0163', 'David', 'Shaw', '07789979311'),
('EC0164', 'Sharon', 'Walker', '07734428619'),
('EC0165', 'Daniel', 'Robinson', '07532415241'),
('EC0166', 'Susan', 'Smith', '07734949014'),
('EC0167', 'Michelle', 'Taylor', '07654548262'),
('EC0168', 'Sarah', 'Walker', '07789735940'),
('EC0169', 'Kevin', 'Parker', '07812944615'),
('EC0170', 'Sarah', 'Rumwold', '07734739917'),
('EC0171', 'Caspian', 'Reid', '07532900798'),
('EC0172', 'Angel', 'Melvin', '07923539458'),
('EC0173', 'Helen', 'Novak', '07456526015'),
('EC0174', 'Paul', 'Dvorak', '07734271793'),
('EC0175', 'Claire', 'Petrov', '07532693034'),
('EC0176', 'Julius', 'Ionescu', '07789759827'),
('EC0177', 'Lisa', 'Parson', '07890901321'),
('EC0178', 'Anne', 'Sexton', '07532627410'),
('EC0179', 'Sharon', 'Barbu', '07789716801'),
('EC0180', 'Clarence', 'Stan', '07654741961');

--
-- Dumping data for table `enrollments`
--

INSERT INTO `enrollments` (`enrollment_id`, `student_id`, `course_id`, `enrollment_year`, `enrollment_type`, `mock_mark`, `final_mark`, `module_id`) VALUES
('EN00001', 'SD0001', 'C005', 'Year 1', 'Core Module 1', 76, NULL, 'MD51'),
('EN00002', 'SD0001', 'C005', 'Year 1', 'Core Module 2', 72, NULL, 'MD52'),
('EN00003', 'SD0001', 'C005', 'Year 1', 'Optional Module 1', 88, NULL, 'MD55'),
('EN00004', 'SD0001', 'C005', 'Year 1', 'Optional Module 2', 65, NULL, 'MD56'),
('EN00005', 'SD0002', 'C004', 'Year 2', 'Core Module 1', 63, NULL, 'MD42'),
('EN00006', 'SD0002', 'C004', 'Year 2', 'Core Module 2', 68, NULL, 'MD43'),
('EN00007', 'SD0002', 'C004', 'Year 2', 'Optional Module 1', 75, NULL, 'MD46'),
('EN00008', 'SD0002', 'C004', 'Year 2', 'Optional Module 2', 76, NULL, 'MD48'),
('EN00009', 'SD0003', 'C001', 'Year 1', 'Core Module 1', 82, NULL, 'MD11'),
('EN00010', 'SD0003', 'C001', 'Year 1', 'Core Module 2', 85, NULL, 'MD12'),
('EN00011', 'SD0003', 'C001', 'Year 1', 'Optional Module 1', 92, NULL, 'MD18'),
('EN00012', 'SD0003', 'C001', 'Year 1', 'Optional Module 1', 88, NULL, 'MD19'),
('EN00013', 'SD0004', 'C004', 'Year 1', 'Core Module 1', 78, NULL, 'MD41'),
('EN00014', 'SD0004', 'C004', 'Year 1', 'Core Module 2', 65, NULL, 'MD42'),
('EN00015', 'SD0004', 'C004', 'Year 1', 'Optional Module 1', 78, NULL, 'MD46'),
('EN00016', 'SD0004', 'C004', 'Year 1', 'Optional Module 2', 72, NULL, 'MD48'),
('EN00017', 'SD0005', 'C006', 'Year 2', 'Core Module 1', 73, NULL, 'MD63'),
('EN00018', 'SD0005', 'C006', 'Year 2', 'Core Module 2', 65, NULL, 'MD64'),
('EN00019', 'SD0005', 'C006', 'Year 2', 'Optional Module 1', 81, NULL, 'MD66'),
('EN00020', 'SD0005', 'C006', 'Year 2', 'Optional Module 2', 85, 92, 'MD17'),
('EN00021', 'SD0006', 'C005', 'Year 2', 'Core Module 1', 76, NULL, 'MD53'),
('EN00022', 'SD0006', 'C005', 'Year 2', 'Core Module 2', 62, NULL, 'MD54'),
('EN00023', 'SD0006', 'C005', 'Year 2', 'Optional Module 1', 65, NULL, 'MD57'),
('EN00024', 'SD0006', 'C005', 'Year 2', 'Optional Module 2', 55, NULL, 'MD60'),
('EN00025', 'SD0007', 'C002', 'Year 2', 'Core Module 1', 88, NULL, 'MD23'),
('EN00026', 'SD0007', 'C002', 'Year 2', 'Core Module 2', 83, NULL, 'MD24'),
('EN00027', 'SD0007', 'C002', 'Year 2', 'Optional Module 1', 75, NULL, 'MD27'),
('EN00028', 'SD0007', 'C002', 'Year 2', 'Optional Module 2', 65, NULL, 'MD60'),
('EN00029', 'SD0008', 'C004', 'Year 2', 'Core Module 1', 64, NULL, 'MD43'),
('EN00030', 'SD0008', 'C004', 'Year 2', 'Core Module 2', 76, NULL, 'MD44'),
('EN00031', 'SD0008', 'C004', 'Year 2', 'Optional Module 1', 54, NULL, 'MD49'),
('EN00032', 'SD0008', 'C004', 'Year 2', 'Optional Module 2', 63, NULL, 'MD50'),
('EN00033', 'SD0009', 'C006', 'Year 1', 'Core Module 1', 48, NULL, 'MD61'),
('EN00034', 'SD0009', 'C006', 'Year 1', 'Core Module 2', 76, NULL, 'MD62'),
('EN00035', 'SD0009', 'C006', 'Year 1', 'Optional Module 1', 67, NULL, 'MD66'),
('EN00036', 'SD0009', 'C006', 'Year 1', 'Optional Module 2', 56, NULL, 'MD65'),
('EN00037', 'SD0010', 'C006', 'Year 1', 'Core Module 1', 73, NULL, 'MD61'),
('EN00038', 'SD0010', 'C006', 'Year 1', 'Core Module 2', 82, NULL, 'MD62'),
('EN00039', 'SD0010', 'C006', 'Year 1', 'Optional Module 1', 74, NULL, 'MD66'),
('EN00040', 'SD0010', 'C006', 'Year 1', 'Optional Module 2', 81, NULL, 'MD67'),
('EN00041', 'SD0011', 'C001', 'Year 2', 'Core Module 1', 89, NULL, 'MD13'),
('EN00042', 'SD0011', 'C001', 'Year 2', 'Core Module 2', 76, NULL, 'MD14'),
('EN00043', 'SD0011', 'C001', 'Year 2', 'Optional Module 1', 67, NULL, 'MD15'),
('EN00044', 'SD0011', 'C001', 'Year 2', 'Optional Module 2', 56, 68, 'MD17'),
('EN00045', 'SD0012', 'C005', 'Year 2', 'Core Module 1', 56, NULL, 'MD53'),
('EN00046', 'SD0012', 'C005', 'Year 2', 'Core Module 2', 80, NULL, 'MD54'),
('EN00047', 'SD0012', 'C005', 'Year 2', 'Optional Module 1', 76, NULL, 'MD57'),
('EN00048', 'SD0012', 'C005', 'Year 2', 'Optional Module 2', 75, NULL, 'MD60'),
('EN00049', 'SD0013', 'C002', 'Year 2', 'Core Module 1', 82, NULL, 'MD23'),
('EN00050', 'SD0013', 'C002', 'Year 2', 'Core Module 2', 85, NULL, 'MD24'),
('EN00051', 'SD0013', 'C002', 'Year 2', 'Optional Module 1', 88, NULL, 'MD27'),
('EN00052', 'SD0013', 'C002', 'Year 2', 'Optional Module 2', 72, NULL, 'MD28'),
('EN00053', 'SD0014', 'C006', 'Year 1', 'Core Module 1', 82, NULL, 'MD21'),
('EN00054', 'SD0014', 'C006', 'Year 1', 'Core Module 2', 75, NULL, 'MD22'),
('EN00055', 'SD0014', 'C006', 'Year 1', 'Optional Module 1', 78, NULL, 'MD24'),
('EN00056', 'SD0014', 'C006', 'Year 1', 'Optional Module 2', 67, NULL, 'MD16'),
('EN00057', 'SD0015', 'C006', 'Year 2', 'Core Module 1', 85, NULL, 'MD63'),
('EN00058', 'SD0015', 'C006', 'Year 2', 'Core Module 2', 83, NULL, 'MD64'),
('EN00059', 'SD0015', 'C006', 'Year 2', 'Optional Module 1', 72, NULL, 'MD46'),
('EN00060', 'SD0015', 'C006', 'Year 2', 'Optional Module 2', 72, 66, 'MD17'),
('EN00061', 'SD0016', 'C004', 'Year 1', 'Core Module 1', 82, NULL, 'MD41'),
('EN00062', 'SD0016', 'C004', 'Year 1', 'Core Module 2', 87, NULL, 'MD42'),
('EN00063', 'SD0016', 'C004', 'Year 1', 'Optional Module 1', 85, NULL, 'MD48'),
('EN00064', 'SD0016', 'C004', 'Year 1', 'Optional Module 2', 75, NULL, 'MD50'),
('EN00065', 'SD0017', 'C002', 'Year 1', 'Core Module 1', 78, NULL, 'MD21'),
('EN00066', 'SD0017', 'C002', 'Year 1', 'Core Module 2', 67, NULL, 'MD22'),
('EN00067', 'SD0017', 'C002', 'Year 1', 'Optional Module 1', 75, NULL, 'MD27'),
('EN00068', 'SD0017', 'C002', 'Year 1', 'Optional Module 2', 72, NULL, 'MD60'),
('EN00069', 'SD0018', 'C002', 'Year 1', 'Core Module 1', 85, NULL, 'MD21'),
('EN00070', 'SD0018', 'C002', 'Year 1', 'Core Module 2', 93, NULL, 'MD22'),
('EN00071', 'SD0018', 'C002', 'Year 1', 'Optional Module 1', 95, 97, 'MD17'),
('EN00072', 'SD0018', 'C002', 'Year 1', 'Optional Module 2', 87, NULL, 'MD60'),
('EN00073', 'SD0019', 'C003', 'Year 2', 'Core Module 1', 72, NULL, 'MD33'),
('EN00074', 'SD0019', 'C003', 'Year 2', 'Core Module 2', 65, NULL, 'MD34'),
('EN00075', 'SD0019', 'C003', 'Year 2', 'Optional Module 1', 75, NULL, 'MD38'),
('EN00076', 'SD0019', 'C003', 'Year 2', 'Optional Module 2', 81, NULL, 'MD36'),
('EN00077', 'SD0020', 'C005', 'Year 2', 'Core Module 1', 85, NULL, 'MD53'),
('EN00078', 'SD0020', 'C005', 'Year 2', 'Core Module 2', 93, NULL, 'MD54'),
('EN00079', 'SD0020', 'C005', 'Year 2', 'Optional Module 1', 83, NULL, 'MD57'),
('EN00080', 'SD0020', 'C005', 'Year 2', 'Optional Module 2', 82, NULL, 'MD60'),
('EN00081', 'SD0021', 'C003', 'Year 1', 'Core Module 1', 85, NULL, 'MD31'),
('EN00082', 'SD0021', 'C005', 'Year 1', 'Core Module 2', 93, NULL, 'MD32'),
('EN00083', 'SD0021', 'C005', 'Year 1', 'Optional Module 1', 83, NULL, 'MD35'),
('EN00084', 'SD0021', 'C005', 'Year 1', 'Optional Module 2', 82, NULL, 'MD37'),
('EN00085', 'SD0022', 'C001', 'Year 1', 'Core Module 1', 85, NULL, 'MD11'),
('EN00086', 'SD0022', 'C001', 'Year 1', 'Core Module 2', 65, NULL, 'MD12'),
('EN00087', 'SD0022', 'C001', 'Year 1', 'Optional Module 1', 83, NULL, 'MD15'),
('EN00088', 'SD0022', 'C001', 'Year 1', 'Optional Module 2', 76, 78, 'MD17'),
('EN00097', 'SD0025', 'C002', 'Year 1', 'Core Module 1', 56, NULL, 'MD21'),
('EN00098', 'SD0025', 'C002', 'Year 1', 'Core Module 2', 43, NULL, 'MD22'),
('EN00099', 'SD0025', 'C002', 'Year 1', 'Optional Module 1', 83, NULL, 'MD28'),
('EN00100', 'SD0025', 'C002', 'Year 1', 'Optional Module 2', 82, 79, 'MD17'),
('EN00101', 'SD0026', 'C001', 'Year 1', 'Core Module 1', 85, NULL, 'MD11'),
('EN00102', 'SD0026', 'C001', 'Year 1', 'Core Module 2', 65, NULL, 'MD12'),
('EN00103', 'SD0026', 'C001', 'Year 1', 'Optional Module 1', 83, NULL, 'MD15'),
('EN00104', 'SD0026', 'C001', 'Year 1', 'Optional Module 2', 76, NULL, 'MD16'),
('EN00089', 'SD0023', 'C003', 'Year 2', 'Core Module 1', 85, NULL, 'MD33'),
('EN00090', 'SD0023', 'C003', 'Year 2', 'Core Module 2', 65, NULL, 'MD34'),
('EN00091', 'SD0023', 'C003', 'Year 2', 'Optional Module 1', 83, NULL, 'MD38'),
('EN00092', 'SD0023', 'C001', 'Year 2', 'Optional Module 2', 76, NULL, 'MD40'),
('EN00093', 'SD0024', 'C003', 'Year 2', 'Core Module 1', 89, NULL, 'MD33'),
('EN00094', 'SD0024', 'C003', 'Year 2', 'Core Module 2', 89, NULL, 'MD34'),
('EN00095', 'SD0024', 'C003', 'Year 2', 'Optional Module 1', 76, NULL, 'MD35'),
('EN00096', 'SD0024', 'C003', 'Year 2', 'Optional Module 2', 78, NULL, 'MD40'),
('EN00105', 'SD0027', 'C005', 'Year 2', 'Core Module 1', 63, NULL, 'MD53'),
('EN00106', 'SD0027', 'C005', 'Year 2', 'Core Module 2', 76, NULL, 'MD54'),
('EN00107', 'SD0027', 'C005', 'Year 2', 'Optional Module 1', 78, NULL, 'MD57'),
('EN00108', 'SD0027', 'C005', 'Year 2', 'Optional Module 2', 89, NULL, 'MD60'),
('EN00109', 'SD0028', 'C003', 'Year 2', 'Core Module 1', 87, NULL, 'MD33'),
('EN00110', 'SD0028', 'C003', 'Year 2', 'Core Module 2', 67, NULL, 'MD34'),
('EN00111', 'SD0028', 'C003', 'Year 2', 'Optional Module 1', 76, NULL, 'MD38'),
('EN00112', 'SD0028', 'C003', 'Year 2', 'Optional Module 2', 85, NULL, 'MD40'),
('EN00113', 'SD0029', 'C003', 'Year 2', 'Core Module 1', 78, NULL, 'MD33'),
('EN00114', 'SD0029', 'C003', 'Year 2', 'Core Module 2', 67, NULL, 'MD34'),
('EN00115', 'SD0029', 'C003', 'Year 2', 'Optional Module 1', 69, NULL, 'MD36'),
('EN00116', 'SD0029', 'C003', 'Year 2', 'Optional Module 2', 70, NULL, 'MD40'),
('EN00117', 'SD0030', 'C002', 'Year 1', 'Core Module 1', 89, NULL, 'MD21'),
('EN00118', 'SD0030', 'C002', 'Year 1', 'Core Module 2', 85, NULL, 'MD22'),
('EN00119', 'SD0030', 'C002', 'Year 1', 'Optional Module 1', 79, NULL, 'MD26'),
('EN00120', 'SD0030', 'C002', 'Year 1', 'Optional Module 2', 76, 85, 'MD17'),
('EN00121', 'SD0031', 'C005', 'Year 1', 'Core Module 1', 67, NULL, 'MD51'),
('EN00122', 'SD0031', 'C005', 'Year 1', 'Core Module 2', 78, NULL, 'MD52'),
('EN00123', 'SD0031', 'C005', 'Year 1', 'Optional Module 1', 90, NULL, 'MD54'),
('EN00124', 'SD0031', 'C005', 'Year 1', 'Optional Module 2', 76, NULL, 'MD56'),
('EN00125', 'SD0032', 'C004', 'Year 2', 'Core Module 1', 67, NULL, 'MD43'),
('EN00126', 'SD0032', 'C004', 'Year 2', 'Core Module 2', 86, NULL, 'MD44'),
('EN00127', 'SD0032', 'C004', 'Year 2', 'Optional Module 1', 74, NULL, 'MD46'),
('EN00128', 'SD0032', 'C004', 'Year 2', 'Optional Module 2', 65, NULL, 'MD48'),
('EN00129', 'SD0033', 'C001', 'Year 1', 'Core Module 1', 87, NULL, 'MD11'),
('EN00130', 'SD0033', 'C001', 'Year 1', 'Core Module 2', 92, NULL, 'MD12'),
('EN00131', 'SD0033', 'C001', 'Year 1', 'Optional Module 1', 91, NULL, 'MD18'),
('EN00132', 'SD0033', 'C001', 'Year 1', 'Optional Module 1', 94, NULL, 'MD19'),
('EN00133', 'SD0034', 'C004', 'Year 1', 'Core Module 1', 84, NULL, 'MD41'),
('EN00134', 'SD0034', 'C004', 'Year 1', 'Core Module 2', 65, NULL, 'MD42'),
('EN00135', 'SD0034', 'C004', 'Year 1', 'Optional Module 1', 74, NULL, 'MD46'),
('EN00136', 'SD0034', 'C004', 'Year 1', 'Optional Module 2', 87, NULL, 'MD48'),
('EN00137', 'SD0035', 'C006', 'Year 2', 'Core Module 1', 78, NULL, 'MD63'),
('EN00138', 'SD0035', 'C006', 'Year 2', 'Core Module 2', 65, NULL, 'MD64'),
('EN00139', 'SD0035', 'C006', 'Year 2', 'Optional Module 1', 81, NULL, 'MD66'),
('EN00140', 'SD0035', 'C006', 'Year 2', 'Optional Module 2', 68, 92, 'MD17'),
('EN00141', 'SD0036', 'C005', 'Year 2', 'Core Module 1', 76, NULL, 'MD53'),
('EN00142', 'SD0036', 'C005', 'Year 2', 'Core Module 2', 95, NULL, 'MD54'),
('EN00143', 'SD0036', 'C005', 'Year 2', 'Optional Module 1', 65, NULL, 'MD57'),
('EN00144', 'SD0036', 'C005', 'Year 2', 'Optional Module 2', 80, NULL, 'MD60'),
('EN00145', 'SD0037', 'C002', 'Year 2', 'Core Module 1', 88, NULL, 'MD23'),
('EN00146', 'SD0037', 'C002', 'Year 2', 'Core Module 2', 81, NULL, 'MD24'),
('EN00147', 'SD0037', 'C002', 'Year 2', 'Optional Module 1', 79, NULL, 'MD27'),
('EN00148', 'SD0037', 'C002', 'Year 2', 'Optional Module 2', 91, NULL, 'MD60'),
('EN00149', 'SD0038', 'C004', 'Year 2', 'Core Module 1', 71, NULL, 'MD43'),
('EN00150', 'SD0038', 'C004', 'Year 2', 'Core Module 2', 83, NULL, 'MD44'),
('EN00151', 'SD0038', 'C004', 'Year 2', 'Optional Module 1', 76, NULL, 'MD47'),
('EN00152', 'SD0038', 'C004', 'Year 2', 'Optional Module 2', 68, NULL, 'MD49'),
('EN00153', 'SD0039', 'C006', 'Year 1', 'Core Module 1', 76, NULL, 'MD61'),
('EN00154', 'SD0039', 'C006', 'Year 1', 'Core Module 2', 78, NULL, 'MD62'),
('EN00155', 'SD0039', 'C006', 'Year 1', 'Optional Module 1', 76, NULL, 'MD62'),
('EN00156', 'SD0039', 'C006', 'Year 1', 'Optional Module 2', 78, NULL, 'MD63'),
('EN00157', 'SD0040', 'C006', 'Year 1', 'Core Module 1', 78, NULL, 'MD61'),
('EN00158', 'SD0040', 'C006', 'Year 1', 'Core Module 2', 82, NULL, 'MD62'),
('EN00159', 'SD0040', 'C006', 'Year 1', 'Optional Module 1', 74, NULL, 'MD62'),
('EN00160', 'SD0040', 'C006', 'Year 1', 'Optional Module 2', 81, NULL, 'MD64'),
('EN00161', 'SD0041', 'C005', 'Year 1', 'Core Module 1', 88, NULL, 'MD51'),
('EN00162', 'SD0041', 'C005', 'Year 1', 'Core Module 2', 67, NULL, 'MD52'),
('EN00163', 'SD0041', 'C005', 'Year 1', 'Optional Module 1', 87, NULL, 'MD54'),
('EN00164', 'SD0041', 'C005', 'Year 1', 'Optional Module 2', 76, NULL, 'MD56'),
('EN00165', 'SD0042', 'C004', 'Year 2', 'Core Module 1', 67, NULL, 'MD43'),
('EN00166', 'SD0042', 'C004', 'Year 2', 'Core Module 2', 86, NULL, 'MD44'),
('EN00167', 'SD0042', 'C004', 'Year 2', 'Optional Module 1', 74, NULL, 'MD46'),
('EN00168', 'SD0042', 'C004', 'Year 2', 'Optional Module 2', 65, NULL, 'MD48'),
('EN00169', 'SD0043', 'C001', 'Year 1', 'Core Module 1', 87, NULL, 'MD11'),
('EN00170', 'SD0043', 'C001', 'Year 1', 'Core Module 2', 92, NULL, 'MD12'),
('EN00171', 'SD0043', 'C001', 'Year 1', 'Optional Module 1', 91, 95, 'MD17'),
('EN00172', 'SD0043', 'C001', 'Year 1', 'Optional Module 1', 94, NULL, 'MD19'),
('EN00173', 'SD0044', 'C004', 'Year 1', 'Core Module 1', 84, NULL, 'MD41'),
('EN00174', 'SD0044', 'C004', 'Year 1', 'Core Module 2', 65, NULL, 'MD42'),
('EN00175', 'SD0044', 'C004', 'Year 1', 'Optional Module 1', 77, NULL, 'MD46'),
('EN00176', 'SD0044', 'C004', 'Year 1', 'Optional Module 2', 72, NULL, 'MD48'),
('EN00177', 'SD0045', 'C006', 'Year 2', 'Core Module 1', 73, NULL, 'MD63'),
('EN00178', 'SD0045', 'C006', 'Year 2', 'Core Module 2', 78, NULL, 'MD64'),
('EN00179', 'SD0045', 'C006', 'Year 2', 'Optional Module 1', 76, NULL, 'MD66'),
('EN00180', 'SD0045', 'C006', 'Year 2', 'Optional Module 2', 78, 92, 'MD17'),
('EN00181', 'SD0046', 'C005', 'Year 2', 'Core Module 1', 76, NULL, 'MD53'),
('EN00182', 'SD0046', 'C005', 'Year 2', 'Core Module 2', 95, NULL, 'MD54'),
('EN00183', 'SD0046', 'C005', 'Year 2', 'Optional Module 1', 65, NULL, 'MD57'),
('EN00184', 'SD0046', 'C005', 'Year 2', 'Optional Module 2', 67, NULL, 'MD60'),
('EN00185', 'SD0047', 'C002', 'Year 2', 'Core Module 1', 88, NULL, 'MD23'),
('EN00186', 'SD0047', 'C002', 'Year 2', 'Core Module 2', 45, NULL, 'MD24'),
('EN00187', 'SD0047', 'C002', 'Year 2', 'Optional Module 1', 75, 78, 'MD17'),
('EN00188', 'SD0047', 'C002', 'Year 2', 'Optional Module 2', 93, NULL, 'MD27'),
('EN00189', 'SD0048', 'C004', 'Year 2', 'Core Module 1', 64, NULL, 'MD43'),
('EN00190', 'SD0048', 'C004', 'Year 2', 'Core Module 2', 83, NULL, 'MD44'),
('EN00191', 'SD0048', 'C004', 'Year 2', 'Optional Module 1', 67, NULL, 'MD47'),
('EN00192', 'SD0048', 'C004', 'Year 2', 'Optional Module 2', 63, NULL, 'MD49'),
('EN00193', 'SD0049', 'C006', 'Year 1', 'Core Module 1', 56, NULL, 'MD61'),
('EN00194', 'SD0049', 'C006', 'Year 1', 'Core Module 2', 77, NULL, 'MD62'),
('EN00195', 'SD0049', 'C006', 'Year 1', 'Optional Module 1', 67, 79, 'MD17'),
('EN00196', 'SD0049', 'C006', 'Year 1', 'Optional Module 2', 56, NULL, 'MD63'),
('EN00197', 'SD0050', 'C006', 'Year 1', 'Core Module 1', 78, NULL, 'MD61'),
('EN00198', 'SD0050', 'C006', 'Year 1', 'Core Module 2', 82, NULL, 'MD62'),
('EN00199', 'SD0050', 'C006', 'Year 1', 'Optional Module 1', 74, NULL, 'MD62'),
('EN00200', 'SD0050', 'C006', 'Year 1', 'Optional Module 2', 81, NULL, 'MD63'),
('EN00201', 'SD0051', 'C003', 'Year 1', 'Core Module 1', 85, NULL, 'MD31'),
('EN00202', 'SD0051', 'C003', 'Year 1', 'Core Module 2', 93, NULL, 'MD32'),
('EN00203', 'SD0051', 'C003', 'Year 1', 'Optional Module 1', 83, NULL, 'MD35'),
('EN00204', 'SD0051', 'C003', 'Year 1', 'Optional Module 2', 82, NULL, 'MD38'),
('EN00205', 'SD0052', 'C001', 'Year 1', 'Core Module 1', 85, NULL, 'MD11'),
('EN00206', 'SD0052', 'C001', 'Year 1', 'Core Module 2', 65, NULL, 'MD12'),
('EN00207', 'SD0052', 'C001', 'Year 1', 'Optional Module 1', 83, NULL, 'MD18'),
('EN00208', 'SD0052', 'C001', 'Year 1', 'Optional Module 2', 76, 78, 'MD17'),
('EN00209', 'SD0053', 'C003', 'Year 2', 'Core Module 1', 56, NULL, 'MD33'),
('EN00210', 'SD0053', 'C003', 'Year 2', 'Core Module 2', 43, NULL, 'MD34'),
('EN00211', 'SD0053', 'C003', 'Year 2', 'Optional Module 1', 83, NULL, 'MD38'),
('EN00212', 'SD0053', 'C003', 'Year 2', 'Optional Module 2', 82, 79, 'MD39'),
('EN00213', 'SD0054', 'C001', 'Year 2', 'Core Module 1', 85, NULL, 'MD33'),
('EN00214', 'SD0054', 'C001', 'Year 2', 'Core Module 2', 65, NULL, 'MD34'),
('EN00215', 'SD0054', 'C001', 'Year 2', 'Optional Module 1', 83, NULL, 'MD35'),
('EN00216', 'SD0054', 'C001', 'Year 2', 'Optional Module 2', 76, NULL, 'MD37'),
('EN00217', 'SD0055', 'C003', 'Year 1', 'Core Module 1', 85, NULL, 'MD21'),
('EN00218', 'SD0055', 'C003', 'Year 1', 'Core Module 2', 65, NULL, 'MD22'),
('EN00219', 'SD0055', 'C003', 'Year 1', 'Optional Module 1', 83, NULL, 'MD25'),
('EN00220', 'SD0055', 'C001', 'Year 1', 'Optional Module 2', 76, NULL, 'MD28'),
('EN00221', 'SD0056', 'C003', 'Year 1', 'Core Module 1', 65, NULL, 'MD11'),
('EN00222', 'SD0056', 'C003', 'Year 1', 'Core Module 2', 71, NULL, 'MD12'),
('EN00223', 'SD0056', 'C003', 'Year 1', 'Optional Module 1', 73, NULL, 'MD15'),
('EN00224', 'SD0056', 'C003', 'Year 1', 'Optional Module 2', 78, 83, 'MD17'),
('EN00225', 'SD0057', 'C005', 'Year 2', 'Core Module 1', 63, NULL, 'MD53'),
('EN00226', 'SD0057', 'C005', 'Year 2', 'Core Module 2', 53, NULL, 'MD54'),
('EN00227', 'SD0057', 'C005', 'Year 2', 'Optional Module 1', 45, NULL, 'MD57'),
('EN00228', 'SD0057', 'C005', 'Year 2', 'Optional Module 2', 41, NULL, 'MD60'),
('EN00229', 'SD0058', 'C003', 'Year 2', 'Core Module 1', 87, NULL, 'MD33'),
('EN00230', 'SD0058', 'C003', 'Year 2', 'Core Module 2', 74, NULL, 'MD34'),
('EN00231', 'SD0058', 'C003', 'Year 2', 'Optional Module 1', 76, NULL, 'MD38'),
('EN00232', 'SD0058', 'C003', 'Year 2', 'Optional Module 2', 85, NULL, 'MD40'),
('EN00233', 'SD0059', 'C003', 'Year 2', 'Core Module 1', 54, NULL, 'MD33'),
('EN00234', 'SD0059', 'C003', 'Year 2', 'Core Module 2', 42, NULL, 'MD34'),
('EN00235', 'SD0059', 'C003', 'Year 2', 'Optional Module 1', 53, NULL, 'MD36'),
('EN00236', 'SD0059', 'C003', 'Year 2', 'Optional Module 2', 55, NULL, 'MD40'),
('EN00237', 'SD0060', 'C002', 'Year 1', 'Core Module 1', 89, NULL, 'MD21'),
('EN00238', 'SD0060', 'C002', 'Year 1', 'Core Module 2', 85, NULL, 'MD22'),
('EN00239', 'SD0060', 'C002', 'Year 1', 'Optional Module 1', 79, NULL, 'MD26'),
('EN00240', 'SD0060', 'C002', 'Year 1', 'Optional Module 2', 76, 85, 'MD17'),
('EN00241', 'SD0061', 'C005', 'Year 1', 'Core Module 1', 54, NULL, 'MD51'),
('EN00242', 'SD0061', 'C005', 'Year 1', 'Core Module 2', 74, NULL, 'MD52'),
('EN00243', 'SD0061', 'C005', 'Year 1', 'Optional Module 1', 60, NULL, 'MD54'),
('EN00244', 'SD0061', 'C005', 'Year 1', 'Optional Module 2', 76, NULL, 'MD56'),
('EN00245', 'SD0062', 'C004', 'Year 2', 'Core Module 1', 67, NULL, 'MD43'),
('EN00246', 'SD0062', 'C004', 'Year 2', 'Core Module 2', 66, NULL, 'MD44'),
('EN00247', 'SD0062', 'C004', 'Year 2', 'Optional Module 1', 74, NULL, 'MD46'),
('EN00248', 'SD0062', 'C004', 'Year 2', 'Optional Module 2', 65, NULL, 'MD48'),
('EN00249', 'SD0063', 'C001', 'Year 1', 'Core Module 1', 87, NULL, 'MD11'),
('EN00250', 'SD0063', 'C001', 'Year 1', 'Core Module 2', 67, NULL, 'MD12'),
('EN00251', 'SD0063', 'C001', 'Year 1', 'Optional Module 1', 91, NULL, 'MD18'),
('EN00252', 'SD0063', 'C001', 'Year 1', 'Optional Module 1', 94, NULL, 'MD19'),
('EN00253', 'SD0064', 'C004', 'Year 1', 'Core Module 1', 84, NULL, 'MD41'),
('EN00254', 'SD0064', 'C004', 'Year 1', 'Core Module 2', 45, NULL, 'MD42'),
('EN00255', 'SD0064', 'C004', 'Year 1', 'Optional Module 1', 75, NULL, 'MD46'),
('EN00256', 'SD0064', 'C004', 'Year 1', 'Optional Module 2', 72, NULL, 'MD48'),
('EN00257', 'SD0065', 'C006', 'Year 2', 'Core Module 1', 73, NULL, 'MD63'),
('EN00258', 'SD0065', 'C006', 'Year 2', 'Core Module 2', 65, NULL, 'MD64'),
('EN00259', 'SD0065', 'C006', 'Year 2', 'Optional Module 1', 81, NULL, 'MD66'),
('EN00260', 'SD0065', 'C006', 'Year 2', 'Optional Module 2', 68, 92, 'MD17'),
('EN00261', 'SD0066', 'C005', 'Year 2', 'Core Module 1', 76, NULL, 'MD53'),
('EN00262', 'SD0066', 'C005', 'Year 2', 'Core Module 2', 75, NULL, 'MD54'),
('EN00263', 'SD0066', 'C005', 'Year 2', 'Optional Module 1', 65, NULL, 'MD57'),
('EN00264', 'SD0066', 'C005', 'Year 2', 'Optional Module 2', 55, NULL, 'MD60'),
('EN00265', 'SD0067', 'C002', 'Year 2', 'Core Module 1', 88, NULL, 'MD23'),
('EN00266', 'SD0067', 'C002', 'Year 2', 'Core Module 2', 45, NULL, 'MD24'),
('EN00267', 'SD0067', 'C002', 'Year 2', 'Optional Module 1', 75, NULL, 'MD27'),
('EN00268', 'SD0067', 'C002', 'Year 2', 'Optional Module 2', 93, NULL, 'MD60'),
('EN00269', 'SD0068', 'C004', 'Year 2', 'Core Module 1', 64, NULL, 'MD43'),
('EN00270', 'SD0068', 'C004', 'Year 2', 'Core Module 2', 83, NULL, 'MD44'),
('EN00271', 'SD0068', 'C004', 'Year 2', 'Optional Module 1', 64, NULL, 'MD47'),
('EN00272', 'SD0068', 'C004', 'Year 2', 'Optional Module 2', 83, NULL, 'MD49'),
('EN00273', 'SD0069', 'C006', 'Year 1', 'Core Module 1', 78, NULL, 'MD61'),
('EN00274', 'SD0069', 'C006', 'Year 1', 'Core Module 2', 45, NULL, 'MD62'),
('EN00275', 'SD0069', 'C006', 'Year 1', 'Optional Module 1', 87, NULL, 'MD62'),
('EN00276', 'SD0069', 'C006', 'Year 1', 'Optional Module 2', 56, NULL, 'MD63'),
('EN00277', 'SD0070', 'C006', 'Year 1', 'Core Module 1', 58, NULL, 'MD61'),
('EN00278', 'SD0070', 'C006', 'Year 1', 'Core Module 2', 82, NULL, 'MD62'),
('EN00279', 'SD0070', 'C006', 'Year 1', 'Optional Module 1', 79, NULL, 'MD62'),
('EN00280', 'SD0070', 'C006', 'Year 1', 'Optional Module 2', 51, NULL, 'MD64'),
('EN00281', 'SD0071', 'C003', 'Year 1', 'Core Module 1', 85, NULL, 'MD31'),
('EN00282', 'SD0071', 'C003', 'Year 1', 'Core Module 2', 93, NULL, 'MD32'),
('EN00283', 'SD0071', 'C003', 'Year 1', 'Optional Module 1', 83, NULL, 'MD35'),
('EN00284', 'SD0071', 'C003', 'Year 1', 'Optional Module 2', 82, NULL, 'MD38'),
('EN00285', 'SD0072', 'C001', 'Year 1', 'Core Module 1', 85, NULL, 'MD11'),
('EN00286', 'SD0072', 'C001', 'Year 1', 'Core Module 2', 65, NULL, 'MD12'),
('EN00287', 'SD0072', 'C001', 'Year 1', 'Optional Module 1', 83, NULL, 'MD15'),
('EN00288', 'SD0072', 'C001', 'Year 1', 'Optional Module 2', 76, 78, 'MD17'),
('EN00289', 'SD0073', 'C003', 'Year 2', 'Core Module 1', 56, NULL, 'MD33'),
('EN00290', 'SD0073', 'C003', 'Year 2', 'Core Module 2', 43, NULL, 'MD34'),
('EN00291', 'SD0073', 'C003', 'Year 2', 'Optional Module 1', 83, NULL, 'MD38'),
('EN00292', 'SD0073', 'C003', 'Year 2', 'Optional Module 2', 82, 79, 'MD40'),
('EN00293', 'SD0074', 'C001', 'Year 2', 'Core Module 1', 83, NULL, 'MD33'),
('EN00294', 'SD0074', 'C001', 'Year 2', 'Core Module 2', 65, NULL, 'MD34'),
('EN00295', 'SD0074', 'C001', 'Year 2', 'Optional Module 1', 83, NULL, 'MD35'),
('EN00296', 'SD0074', 'C001', 'Year 2', 'Optional Module 2', 76, NULL, 'MD37'),
('EN00297', 'SD0075', 'C003', 'Year 1', 'Core Module 1', 85, NULL, 'MD21'),
('EN00298', 'SD0075', 'C003', 'Year 1', 'Core Module 2', 65, NULL, 'MD22'),
('EN00299', 'SD0075', 'C003', 'Year 1', 'Optional Module 1', 64, NULL, 'MD23'),
('EN00300', 'SD0075', 'C001', 'Year 1', 'Optional Module 2', 76, NULL, 'MD27'),
('EN00301', 'SD0076', 'C003', 'Year 1', 'Core Module 1', 65, NULL, 'MD11'),
('EN00302', 'SD0076', 'C003', 'Year 1', 'Core Module 2', 42, NULL, 'MD12'),
('EN00303', 'SD0076', 'C003', 'Year 1', 'Optional Module 1', 73, NULL, 'MD15'),
('EN00304', 'SD0076', 'C003', 'Year 1', 'Optional Module 2', 78, 86, 'MD17'),
('EN00305', 'SD0077', 'C005', 'Year 2', 'Core Module 1', 34, NULL, 'MD53'),
('EN00306', 'SD0077', 'C005', 'Year 2', 'Core Module 2', 54, NULL, 'MD54'),
('EN00307', 'SD0077', 'C005', 'Year 2', 'Optional Module 1', 45, NULL, 'MD57'),
('EN00308', 'SD0077', 'C005', 'Year 2', 'Optional Module 2', 41, NULL, 'MD60'),
('EN00309', 'SD0078', 'C003', 'Year 2', 'Core Module 1', 54, NULL, 'MD33'),
('EN00310', 'SD0078', 'C003', 'Year 2', 'Core Module 2', 74, NULL, 'MD34'),
('EN00311', 'SD0078', 'C003', 'Year 2', 'Optional Module 1', 86, NULL, 'MD38'),
('EN00312', 'SD0078', 'C003', 'Year 2', 'Optional Module 2', 85, NULL, 'MD40'),
('EN00313', 'SD0079', 'C003', 'Year 2', 'Core Module 1', 54, NULL, 'MD33'),
('EN00314', 'SD0079', 'C003', 'Year 2', 'Core Module 2', 42, NULL, 'MD34'),
('EN00315', 'SD0079', 'C003', 'Year 2', 'Optional Module 1', 53, NULL, 'MD36'),
('EN00316', 'SD0079', 'C003', 'Year 2', 'Optional Module 2', 55, NULL, 'MD37'),
('EN00317', 'SD0080', 'C002', 'Year 1', 'Core Module 1', 89, NULL, 'MD21'),
('EN00318', 'SD0080', 'C002', 'Year 1', 'Core Module 2', 85, NULL, 'MD22'),
('EN00319', 'SD0080', 'C002', 'Year 1', 'Optional Module 1', 79, NULL, 'MD26'),
('EN00320', 'SD0080', 'C002', 'Year 1', 'Optional Module 2', 76, 85, 'MD29'),
('EN00321', 'SD0081', 'C001', 'Year 2', 'Core Module 1', 73, NULL, 'MD13'),
('EN00322', 'SD0081', 'C001', 'Year 2', 'Core Module 2', 64, NULL, 'MD14'),
('EN00323', 'SD0081', 'C001', 'Year 2', 'Optional Module 1', 80, NULL, 'MD15'),
('EN00324', 'SD0081', 'C001', 'Year 2', 'Optional Module 2', 83, NULL, 'MD16'),
('EN00325', 'SD0082', 'C002', 'Year 2', 'Core Module 1', 67, NULL, 'MD23'),
('EN00326', 'SD0082', 'C002', 'Year 2', 'Core Module 2', 48, NULL, 'MD24'),
('EN00327', 'SD0082', 'C002', 'Year 2', 'Optional Module 1', 75, NULL, 'MD27'),
('EN00328', 'SD0082', 'C002', 'Year 2', 'Optional Module 2', 95, NULL, 'MD60'),
('EN00329', 'SD0083', 'C004', 'Year 2', 'Core Module 1', 91, NULL, 'MD43'),
('EN00330', 'SD0083', 'C004', 'Year 2', 'Core Module 2', 65, NULL, 'MD44'),
('EN00331', 'SD0083', 'C004', 'Year 2', 'Optional Module 1', 71, NULL, 'MD49'),
('EN00332', 'SD0083', 'C004', 'Year 2', 'Optional Module 2', 65, NULL, 'MD50'),
('EN00333', 'SD0084', 'C006', 'Year 1', 'Core Module 1', 81, NULL, 'MD61'),
('EN00334', 'SD0084', 'C006', 'Year 1', 'Core Module 2', 61, NULL, 'MD62'),
('EN00335', 'SD0084', 'C006', 'Year 1', 'Optional Module 1', 57, NULL, 'MD66'),
('EN00336', 'SD0084', 'C006', 'Year 1', 'Optional Module 2', 96, NULL, 'MD65'),
('EN00337', 'SD0085', 'C006', 'Year 1', 'Core Module 1', 51, NULL, 'MD61'),
('EN00338', 'SD0085', 'C006', 'Year 1', 'Core Module 2', 71, NULL, 'MD62'),
('EN00339', 'SD0085', 'C006', 'Year 1', 'Optional Module 1', 84, NULL, 'MD66'),
('EN00340', 'SD0085', 'C006', 'Year 1', 'Optional Module 2', 61, NULL, 'MD67'),
('EN00341', 'SD0086', 'C001', 'Year 2', 'Core Module 1', 83, NULL, 'MD13'),
('EN00342', 'SD0086', 'C001', 'Year 2', 'Core Module 2', 53, NULL, 'MD14'),
('EN00343', 'SD0086', 'C001', 'Year 2', 'Optional Module 1', 97, NULL, 'MD15'),
('EN00344', 'SD0086', 'C001', 'Year 2', 'Optional Module 2', 54, 73, 'MD17'),
('EN00345', 'SD0087', 'C005', 'Year 2', 'Core Module 1', 53, NULL, 'MD53'),
('EN00346', 'SD0087', 'C005', 'Year 2', 'Core Module 2', 98, NULL, 'MD54'),
('EN00347', 'SD0087', 'C005', 'Year 2', 'Optional Module 1', 76, NULL, 'MD57'),
('EN00348', 'SD0087', 'C005', 'Year 2', 'Optional Module 2', 75, NULL, 'MD60'),
('EN00349', 'SD0088', 'C002', 'Year 2', 'Core Module 1', 82, NULL, 'MD23'),
('EN00350', 'SD0088', 'C002', 'Year 2', 'Core Module 2', 85, NULL, 'MD24'),
('EN00351', 'SD0088', 'C002', 'Year 2', 'Optional Module 1', 88, NULL, 'MD27'),
('EN00352', 'SD0088', 'C002', 'Year 2', 'Optional Module 2', 72, NULL, 'MD28'),
('EN00353', 'SD0089', 'C004', 'Year 1', 'Core Module 1', 82, NULL, 'MD41'),
('EN00354', 'SD0089', 'C004', 'Year 1', 'Core Module 2', 75, NULL, 'MD42'),
('EN00355', 'SD0089', 'C004', 'Year 1', 'Optional Module 1', 78, NULL, 'MD44'),
('EN00356', 'SD0089', 'C004', 'Year 1', 'Optional Module 2', 77, NULL, 'MD46'),
('EN00357', 'SD0090', 'C006', 'Year 2', 'Core Module 1', 85, NULL, 'MD63'),
('EN00358', 'SD0090', 'C006', 'Year 2', 'Core Module 2', 63, NULL, 'MD64'),
('EN00359', 'SD0090', 'C006', 'Year 2', 'Optional Module 1', 72, NULL, 'MD46'),
('EN00360', 'SD0090', 'C006', 'Year 2', 'Optional Module 2', 72, 86, 'MD17'),
('EN00361', 'SD0091', 'C001', 'Year 2', 'Core Module 1', 73, NULL, 'MD13'),
('EN00362', 'SD0091', 'C001', 'Year 2', 'Core Module 2', 64, NULL, 'MD14'),
('EN00363', 'SD0091', 'C001', 'Year 2', 'Optional Module 1', 80, NULL, 'MD15'),
('EN00364', 'SD0091', 'C001', 'Year 2', 'Optional Module 2', 83, NULL, 'MD16'),
('EN00365', 'SD0092', 'C002', 'Year 2', 'Core Module 1', 67, NULL, 'MD23'),
('EN00366', 'SD0092', 'C002', 'Year 2', 'Core Module 2', 48, NULL, 'MD24'),
('EN00367', 'SD0092', 'C002', 'Year 2', 'Optional Module 1', 75, NULL, 'MD27'),
('EN00368', 'SD0092', 'C002', 'Year 2', 'Optional Module 2', 95, NULL, 'MD60'),
('EN00369', 'SD0093', 'C004', 'Year 2', 'Core Module 1', 91, NULL, 'MD43'),
('EN00370', 'SD0093', 'C004', 'Year 2', 'Core Module 2', 65, NULL, 'MD44'),
('EN00371', 'SD0093', 'C004', 'Year 2', 'Optional Module 1', 71, NULL, 'MD49'),
('EN00372', 'SD0093', 'C004', 'Year 2', 'Optional Module 2', 65, NULL, 'MD50'),
('EN00373', 'SD0094', 'C006', 'Year 1', 'Core Module 1', 81, NULL, 'MD61'),
('EN00374', 'SD0094', 'C006', 'Year 1', 'Core Module 2', 61, NULL, 'MD62'),
('EN00375', 'SD0094', 'C006', 'Year 1', 'Optional Module 1', 57, NULL, 'MD66'),
('EN00376', 'SD0094', 'C006', 'Year 1', 'Optional Module 2', 96, NULL, 'MD65'),
('EN00377', 'SD0095', 'C006', 'Year 1', 'Core Module 1', 51, NULL, 'MD61'),
('EN00378', 'SD0095', 'C006', 'Year 1', 'Core Module 2', 71, NULL, 'MD62'),
('EN00379', 'SD0095', 'C006', 'Year 1', 'Optional Module 1', 84, NULL, 'MD66'),
('EN00380', 'SD0095', 'C006', 'Year 1', 'Optional Module 2', 61, NULL, 'MD67'),
('EN00381', 'SD0096', 'C001', 'Year 2', 'Core Module 1', 83, NULL, 'MD13'),
('EN00382', 'SD0096', 'C001', 'Year 2', 'Core Module 2', 53, NULL, 'MD14'),
('EN00383', 'SD0096', 'C001', 'Year 2', 'Optional Module 1', 97, NULL, 'MD15'),
('EN00384', 'SD0096', 'C001', 'Year 2', 'Optional Module 2', 54, 73, 'MD17'),
('EN00385', 'SD0097', 'C005', 'Year 2', 'Core Module 1', 53, NULL, 'MD53'),
('EN00386', 'SD0097', 'C005', 'Year 2', 'Core Module 2', 98, NULL, 'MD54'),
('EN00387', 'SD0097', 'C005', 'Year 2', 'Optional Module 1', 76, NULL, 'MD57'),
('EN00388', 'SD0097', 'C005', 'Year 2', 'Optional Module 2', 75, NULL, 'MD60'),
('EN00389', 'SD0098', 'C002', 'Year 2', 'Core Module 1', 82, NULL, 'MD23'),
('EN00390', 'SD0098', 'C002', 'Year 2', 'Core Module 2', 85, NULL, 'MD24'),
('EN00391', 'SD0098', 'C002', 'Year 2', 'Optional Module 1', 88, NULL, 'MD27'),
('EN00392', 'SD0098', 'C002', 'Year 2', 'Optional Module 2', 72, NULL, 'MD28'),
('EN00393', 'SD0099', 'C004', 'Year 1', 'Core Module 1', 82, NULL, 'MD41'),
('EN00394', 'SD0099', 'C004', 'Year 1', 'Core Module 2', 75, NULL, 'MD42'),
('EN00395', 'SD0099', 'C004', 'Year 1', 'Optional Module 1', 78, NULL, 'MD44'),
('EN00396', 'SD0099', 'C004', 'Year 1', 'Optional Module 2', 77, NULL, 'MD46'),
('EN00397', 'SD0100', 'C006', 'Year 2', 'Core Module 1', 85, NULL, 'MD63'),
('EN00398', 'SD0100', 'C006', 'Year 2', 'Core Module 2', 63, NULL, 'MD64'),
('EN00399', 'SD0100', 'C006', 'Year 2', 'Optional Module 1', 72, NULL, 'MD65'),
('EN00400', 'SD0100', 'C006', 'Year 2', 'Optional Module 2', 72, 86, 'MD66'),
('EN00401', 'SD0101', 'C001', 'Year 1', 'Core Module 1', 77, NULL, 'MD11'),
('EN00402', 'SD0101', 'C001', 'Year 1', 'Core Module 2', 48, NULL, 'MD12'),
('EN00403', 'SD0101', 'C001', 'Year 1', 'Optional Module 1', 59, NULL, 'MD16'),
('EN00404', 'SD0101', 'C001', 'Year 1', 'Optional Module 2', 80, NULL, 'MD19'),
('EN00405', 'SD0102', 'C002', 'Year 1', 'Core Module 1', 38, NULL, 'MD21'),
('EN00406', 'SD0102', 'C002', 'Year 1', 'Core Module 2', 51, NULL, 'MD22'),
('EN00407', 'SD0102', 'C002', 'Year 1', 'Optional Module 1', 35, NULL, 'MD26'),
('EN00408', 'SD0102', 'C002', 'Year 1', 'Optional Module 2', 35, NULL, 'MD60'),
('EN00409', 'SD0103', 'C003', 'Year 2', 'Core Module 1', 76, NULL, 'MD33'),
('EN00410', 'SD0103', 'C003', 'Year 2', 'Core Module 2', 55, NULL, 'MD34'),
('EN00411', 'SD0103', 'C003', 'Year 2', 'Optional Module 1', 61, NULL, 'MD35'),
('EN00412', 'SD0103', 'C003', 'Year 2', 'Optional Module 2', 84, NULL, 'MD38'),
('EN00413', 'SD0104', 'C004', 'Year 1', 'Core Module 1', 51, NULL, 'MD41'),
('EN00414', 'SD0104', 'C004', 'Year 1', 'Core Module 2', 82, NULL, 'MD42'),
('EN00415', 'SD0104', 'C004', 'Year 1', 'Optional Module 1', 83, NULL, 'MD47'),
('EN00416', 'SD0104', 'C004', 'Year 1', 'Optional Module 2', 68, NULL, 'MD45'),
('EN00417', 'SD0105', 'C005', 'Year 2', 'Core Module 1', 46, NULL, 'MD53'),
('EN00418', 'SD0105', 'C005', 'Year 2', 'Core Module 2', 89, NULL, 'MD54'),
('EN00419', 'SD0105', 'C005', 'Year 2', 'Optional Module 1', 75, NULL, 'MD57'),
('EN00420', 'SD0105', 'C005', 'Year 2', 'Optional Module 2', 45, NULL, 'MD60'),
('EN00421', 'SD0106', 'C006', 'Year 1', 'Core Module 1', 87, NULL, 'MD61'),
('EN00422', 'SD0106', 'C006', 'Year 1', 'Core Module 2', 51, NULL, 'MD62'),
('EN00423', 'SD0106', 'C006', 'Year 1', 'Optional Module 1', 76, NULL, 'MD46'),
('EN00424', 'SD0106', 'C006', 'Year 1', 'Optional Module 2', 94, NULL, 'MD69'),
('EN00425', 'SD0107', 'C001', 'Year 2', 'Core Module 1', 96, NULL, 'MD13'),
('EN00426', 'SD0107', 'C001', 'Year 2', 'Core Module 2', 85, NULL, 'MD14'),
('EN00427', 'SD0107', 'C001', 'Year 2', 'Optional Module 1', 87, NULL, 'MD15'),
('EN00428', 'SD0107', 'C001', 'Year 2', 'Optional Module 2', 49, 71, 'MD17'),
('EN00429', 'SD0108', 'C002', 'Year 1', 'Core Module 1', 86, NULL, 'MD21'),
('EN00430', 'SD0108', 'C002', 'Year 1', 'Core Module 2', 52, NULL, 'MD22'),
('EN00431', 'SD0108', 'C002', 'Year 1', 'Optional Module 1', 43, NULL, 'MD25'),
('EN00432', 'SD0108', 'C002', 'Year 1', 'Optional Module 2', 72, NULL, 'MD26'),
('EN00433', 'SD0109', 'C003', 'Year 1', 'Core Module 1', 76, NULL, 'MD31'),
('EN00434', 'SD0109', 'C003', 'Year 1', 'Core Module 2', 83, NULL, 'MD32'),
('EN00435', 'SD0109', 'C003', 'Year 1', 'Optional Module 1', 68, NULL, 'MD33'),
('EN00436', 'SD0109', 'C003', 'Year 1', 'Optional Module 2', 35, NULL, 'MD35'),
('EN00437', 'SD0110', 'C004', 'Year 2', 'Core Module 1', 43, NULL, 'MD43'),
('EN00438', 'SD0110', 'C004', 'Year 2', 'Core Module 2', 98, NULL, 'MD44'),
('EN00439', 'SD0110', 'C004', 'Year 2', 'Optional Module 1', 72, NULL, 'MD46'),
('EN00440', 'SD0110', 'C004', 'Year 2', 'Optional Module 2', 97, NULL, 'MD50'),
('EN00441', 'SD0111', 'C005', 'Year 2', 'Core Module 1', 44, NULL, 'MD53'),
('EN00442', 'SD0111', 'C005', 'Year 2', 'Core Module 2', 52, NULL, 'MD54'),
('EN00443', 'SD0111', 'C005', 'Year 2', 'Optional Module 1', 45, NULL, 'MD55'),
('EN00444', 'SD0111', 'C005', 'Year 2', 'Optional Module 2', 56, NULL, 'MD59'),
('EN00445', 'SD0112', 'C006', 'Year 1', 'Core Module 1', 72, NULL, 'MD61'),
('EN00446', 'SD0112', 'C006', 'Year 1', 'Core Module 2', 35, NULL, 'MD62'),
('EN00447', 'SD0112', 'C006', 'Year 1', 'Optional Module 1', 33, NULL, 'MD67'),
('EN00448', 'SD0112', 'C006', 'Year 1', 'Optional Module 2', 53, NULL, 'MD65'),
('EN00449', 'SD0113', 'C001', 'Year 2', 'Core Module 1', 56, NULL, 'MD13'),
('EN00450', 'SD0113', 'C001', 'Year 2', 'Core Module 2', 54, NULL, 'MD14'),
('EN00451', 'SD0113', 'C001', 'Year 2', 'Optional Module 1', 55, NULL, 'MD15'),
('EN00452', 'SD0113', 'C001', 'Year 2', 'Optional Module 2', 94, NULL, 'MD16'),
('EN00453', 'SD0114', 'C002', 'Year 2', 'Core Module 1', 87, NULL, 'MD23'),
('EN00454', 'SD0114', 'C002', 'Year 2', 'Core Module 2', 61, NULL, 'MD24'),
('EN00455', 'SD0114', 'C002', 'Year 2', 'Optional Module 1', 88, NULL, 'MD25'),
('EN00456', 'SD0114', 'C002', 'Year 2', 'Optional Module 2', 73, NULL, 'MD26'),
('EN00457', 'SD0115', 'C003', 'Year 2', 'Core Module 1', 71, NULL, 'MD33'),
('EN00458', 'SD0115', 'C003', 'Year 2', 'Core Module 2', 59, NULL, 'MD34'),
('EN00459', 'SD0115', 'C003', 'Year 2', 'Optional Module 1', 65, NULL, 'MD37'),
('EN00460', 'SD0115', 'C003', 'Year 2', 'Optional Module 2', 30, NULL, 'MD39'),
('EN00461', 'SD0116', 'C004', 'Year 1', 'Core Module 1', 49, NULL, 'MD41'),
('EN00462', 'SD0116', 'C004', 'Year 1', 'Core Module 2', 33, NULL, 'MD42'),
('EN00463', 'SD0116', 'C004', 'Year 1', 'Optional Module 1', 55, NULL, 'MD48'),
('EN00464', 'SD0116', 'C004', 'Year 1', 'Optional Module 2', 79, NULL, 'MD50'),
('EN00465', 'SD0117', 'C005', 'Year 1', 'Core Module 1', 71, NULL, 'MD51'),
('EN00466', 'SD0117', 'C005', 'Year 1', 'Core Module 2', 51, NULL, 'MD52'),
('EN00467', 'SD0117', 'C005', 'Year 1', 'Optional Module 1', 88, NULL, 'MD57'),
('EN00468', 'SD0117', 'C005', 'Year 1', 'Optional Module 2', 70, NULL, 'MD59'),
('EN00469', 'SD0118', 'C006', 'Year 2', 'Core Module 1', 91, NULL, 'MD63'),
('EN00470', 'SD0118', 'C006', 'Year 2', 'Core Module 2', 29, NULL, 'MD64'),
('EN00471', 'SD0118', 'C006', 'Year 2', 'Optional Module 1', 78, NULL, 'MD46'),
('EN00472', 'SD0118', 'C006', 'Year 2', 'Optional Module 2', 31, NULL, 'MD65'),
('EN00473', 'SD0119', 'C001', 'Year 1', 'Core Module 1', 70, NULL, 'MD11'),
('EN00474', 'SD0119', 'C001', 'Year 1', 'Core Module 2', 41, NULL, 'MD12'),
('EN00475', 'SD0119', 'C001', 'Year 1', 'Optional Module 1', 31, NULL, 'MD15'),
('EN00476', 'SD0119', 'C001', 'Year 1', 'Optional Module 2', 82, 89, 'MD17'),
('EN00477', 'SD0120', 'C002', 'Year 2', 'Core Module 1', 50, NULL, 'MD23'),
('EN00478', 'SD0120', 'C002', 'Year 2', 'Core Module 2', 75, NULL, 'MD24'),
('EN00479', 'SD0120', 'C002', 'Year 2', 'Optional Module 1', 73, NULL, 'MD27'),
('EN00480', 'SD0120', 'C002', 'Year 2', 'Optional Module 2', 74, NULL, 'MD60'),
('EN00481', 'SD0121', 'C003', 'Year 2', 'Core Module 1', 62, NULL, 'MD33'),
('EN00482', 'SD0121', 'C003', 'Year 2', 'Core Module 2', 68, NULL, 'MD34'),
('EN00483', 'SD0121', 'C003', 'Year 2', 'Optional Module 1', 61, NULL, 'MD39'),
('EN00484', 'SD0121', 'C003', 'Year 2', 'Optional Module 2', 77, NULL, 'MD37'),
('EN00485', 'SD0122', 'C004', 'Year 2', 'Core Module 1', 67, NULL, 'MD43'),
('EN00486', 'SD0122', 'C004', 'Year 2', 'Core Module 2', 96, NULL, 'MD44'),
('EN00487', 'SD0122', 'C004', 'Year 2', 'Optional Module 1', 58, NULL, 'MD46'),
('EN00488', 'SD0122', 'C004', 'Year 2', 'Optional Module 2', 39, NULL, 'MD49'),
('EN00489', 'SD0123', 'C005', 'Year 2', 'Core Module 1', 38, NULL, 'MD53'),
('EN00490', 'SD0123', 'C005', 'Year 2', 'Core Module 2', 53, NULL, 'MD54'),
('EN00491', 'SD0123', 'C005', 'Year 2', 'Optional Module 1', 42, NULL, 'MD55'),
('EN00492', 'SD0123', 'C005', 'Year 2', 'Optional Module 2', 72, NULL, 'MD56'),
('EN00493', 'SD0124', 'C006', 'Year 2', 'Core Module 1', 56, NULL, 'MD63'),
('EN00494', 'SD0124', 'C006', 'Year 2', 'Core Module 2', 59, NULL, 'MD64'),
('EN00495', 'SD0124', 'C006', 'Year 2', 'Optional Module 1', 34, NULL, 'MD65'),
('EN00496', 'SD0124', 'C006', 'Year 2', 'Optional Module 2', 44, NULL, 'MD67'),
('EN00497', 'SD0125', 'C001', 'Year 2', 'Core Module 1', 78, NULL, 'MD13'),
('EN00498', 'SD0125', 'C001', 'Year 2', 'Core Module 2', 49, NULL, 'MD14'),
('EN00499', 'SD0125', 'C001', 'Year 2', 'Optional Module 1', 46, 61, 'MD17'),
('EN00500', 'SD0125', 'C001', 'Year 2', 'Optional Module 2', 71, NULL, 'MD19'),
('EN00501', 'SD0126', 'C002', 'Year 1', 'Core Module 1', 76, NULL, 'MD21'),
('EN00502', 'SD0126', 'C002', 'Year 1', 'Core Module 2', 62, NULL, 'MD22'),
('EN00503', 'SD0126', 'C002', 'Year 1', 'Optional Module 1', 91, NULL, 'MD27'),
('EN00504', 'SD0126', 'C002', 'Year 1', 'Optional Module 2', 50, NULL, 'MD26'),
('EN00505', 'SD0127', 'C003', 'Year 2', 'Core Module 1', 35, NULL, 'MD33'),
('EN00506', 'SD0127', 'C003', 'Year 2', 'Core Module 2', 47, NULL, 'MD34'),
('EN00507', 'SD0127', 'C003', 'Year 2', 'Optional Module 1', 32, NULL, 'MD36'),
('EN00508', 'SD0127', 'C003', 'Year 2', 'Optional Module 2', 67, NULL, 'MD35'),
('EN00509', 'SD0128', 'C004', 'Year 2', 'Core Module 1', 46, NULL, 'MD43'),
('EN00510', 'SD0128', 'C004', 'Year 2', 'Core Module 2', 35, NULL, 'MD44'),
('EN00511', 'SD0128', 'C004', 'Year 2', 'Optional Module 1', 45, NULL, 'MD47'),
('EN00512', 'SD0128', 'C004', 'Year 2', 'Optional Module 2', 64, NULL, 'MD48'),
('EN00513', 'SD0129', 'C005', 'Year 1', 'Core Module 1', 59, NULL, 'MD51'),
('EN00514', 'SD0129', 'C005', 'Year 1', 'Core Module 2', 68, NULL, 'MD52'),
('EN00515', 'SD0129', 'C005', 'Year 1', 'Optional Module 1', 58, NULL, 'MD57'),
('EN00516', 'SD0129', 'C005', 'Year 1', 'Optional Module 2', 35, NULL, 'MD59'),
('EN00517', 'SD0130', 'C006', 'Year 1', 'Core Module 1', 83, NULL, 'MD61'),
('EN00518', 'SD0130', 'C006', 'Year 1', 'Core Module 2', 42, NULL, 'MD62'),
('EN00519', 'SD0130', 'C006', 'Year 1', 'Optional Module 1', 38, NULL, 'MD66'),
('EN00520', 'SD0130', 'C006', 'Year 1', 'Optional Module 2', 50, NULL, 'MD67'),
('EN00521', 'SD0131', 'C004', 'Year 2', 'Core Module 1', 68, NULL, 'MD43'),
('EN00522', 'SD0131', 'C004', 'Year 2', 'Core Module 2', 90, NULL, 'MD44'),
('EN00523', 'SD0131', 'C004', 'Year 2', 'Optional Module 1', 77, NULL, 'MD45'),
('EN00524', 'SD0131', 'C004', 'Year 2', 'Optional Module 2', 74, NULL, 'MD46'),
('EN00525', 'SD0132', 'C002', 'Year 1', 'Core Module 1', 55, NULL, 'MD21'),
('EN00526', 'SD0132', 'C002', 'Year 1', 'Core Module 2', 82, NULL, 'MD22'),
('EN00527', 'SD0132', 'C002', 'Year 1', 'Optional Module 1', 93, NULL, 'MD26'),
('EN00528', 'SD0132', 'C002', 'Year 1', 'Optional Module 2', 86, NULL, 'MD29'),
('EN00529', 'SD0133', 'C003', 'Year 1', 'Core Module 1', 53, NULL, 'MD31'),
('EN00530', 'SD0133', 'C003', 'Year 1', 'Core Module 2', 85, NULL, 'MD32'),
('EN00531', 'SD0133', 'C003', 'Year 1', 'Optional Module 1', 57, NULL, 'MD37'),
('EN00532', 'SD0133', 'C003', 'Year 1', 'Optional Module 2', 64, NULL, 'MD38'),
('EN00533', 'SD0134', 'C004', 'Year 1', 'Core Module 1', 55, NULL, 'MD41'),
('EN00534', 'SD0134', 'C004', 'Year 1', 'Core Module 2', 71, NULL, 'MD42'),
('EN00535', 'SD0134', 'C004', 'Year 1', 'Optional Module 1', 87, NULL, 'MD49'),
('EN00536', 'SD0134', 'C004', 'Year 1', 'Optional Module 2', 54, NULL, 'MD45'),
('EN00537', 'SD0135', 'C005', 'Year 1', 'Core Module 1', 50, NULL, 'MD51'),
('EN00538', 'SD0135', 'C005', 'Year 1', 'Core Module 2', 32, NULL, 'MD52'),
('EN00539', 'SD0135', 'C005', 'Year 1', 'Optional Module 1', 53, NULL, 'MD55'),
('EN00540', 'SD0135', 'C005', 'Year 1', 'Optional Module 2', 62, NULL, 'MD59'),
('EN00541', 'SD0136', 'C006', 'Year 2', 'Core Module 1', 37, NULL, 'MD63'),
('EN00542', 'SD0136', 'C006', 'Year 2', 'Core Module 2', 39, NULL, 'MD64'),
('EN00543', 'SD0136', 'C006', 'Year 2', 'Optional Module 1', 49, NULL, 'MD68'),
('EN00544', 'SD0136', 'C006', 'Year 2', 'Optional Module 2', 30, NULL, 'MD65'),
('EN00545', 'SD0137', 'C001', 'Year 2', 'Core Module 1', 43, NULL, 'MD13'),
('EN00546', 'SD0137', 'C001', 'Year 2', 'Core Module 2', 37, NULL, 'MD14'),
('EN00547', 'SD0137', 'C001', 'Year 2', 'Optional Module 1', 36, NULL, 'MD16'),
('EN00548', 'SD0137', 'C001', 'Year 2', 'Optional Module 2', 38, NULL, 'MD15'),
('EN00549', 'SD0138', 'C002', 'Year 1', 'Core Module 1', 75, NULL, 'MD21'),
('EN00550', 'SD0138', 'C002', 'Year 1', 'Core Module 2', 75, NULL, 'MD22'),
('EN00551', 'SD0138', 'C002', 'Year 1', 'Optional Module 1', 50, NULL, 'MD25'),
('EN00552', 'SD0138', 'C002', 'Year 1', 'Optional Module 2', 84, NULL, 'MD27'),
('EN00553', 'SD0139', 'C003', 'Year 2', 'Core Module 1', 82, NULL, 'MD33'),
('EN00554', 'SD0139', 'C003', 'Year 2', 'Core Module 2', 51, NULL, 'MD34'),
('EN00555', 'SD0139', 'C003', 'Year 2', 'Optional Module 1', 88, NULL, 'MD38'),
('EN00556', 'SD0139', 'C003', 'Year 2', 'Optional Module 2', 53, NULL, 'MD35'),
('EN00557', 'SD0140', 'C004', 'Year 1', 'Core Module 1', 69, NULL, 'MD41'),
('EN00558', 'SD0140', 'C004', 'Year 1', 'Core Module 2', 37, NULL, 'MD42'),
('EN00559', 'SD0140', 'C004', 'Year 1', 'Optional Module 1', 73, NULL, 'MD49'),
('EN00560', 'SD0140', 'C004', 'Year 1', 'Optional Module 2', 50, NULL, 'MD48'),
('EN00561', 'SD0141', 'C005', 'Year 1', 'Core Module 1', 33, NULL, 'MD51'),
('EN00562', 'SD0141', 'C005', 'Year 1', 'Core Module 2', 55, NULL, 'MD52'),
('EN00563', 'SD0141', 'C005', 'Year 1', 'Optional Module 1', 53, NULL, 'MD57'),
('EN00564', 'SD0141', 'C005', 'Year 1', 'Optional Module 2', 33, NULL, 'MD59'),
('EN00565', 'SD0142', 'C006', 'Year 2', 'Core Module 1', 58, NULL, 'MD63'),
('EN00566', 'SD0142', 'C006', 'Year 2', 'Core Module 2', 87, NULL, 'MD64'),
('EN00567', 'SD0142', 'C006', 'Year 2', 'Optional Module 1', 42, NULL, 'MD69'),
('EN00568', 'SD0142', 'C006', 'Year 2', 'Optional Module 2', 62, NULL, 'MD67'),
('EN00569', 'SD0143', 'C001', 'Year 1', 'Core Module 1', 55, NULL, 'MD11'),
('EN00570', 'SD0143', 'C001', 'Year 1', 'Core Module 2', 43, NULL, 'MD12'),
('EN00571', 'SD0143', 'C001', 'Year 1', 'Optional Module 1', 32, NULL, 'MD19'),
('EN00572', 'SD0143', 'C001', 'Year 1', 'Optional Module 2', 48, NULL, 'MD18'),
('EN00573', 'SD0144', 'C002', 'Year 2', 'Core Module 1', 51, NULL, 'MD13'),
('EN00574', 'SD0144', 'C002', 'Year 2', 'Core Module 2', 53, NULL, 'MD14'),
('EN00575', 'SD0144', 'C002', 'Year 2', 'Optional Module 1', 44, NULL, 'MD15'),
('EN00576', 'SD0144', 'C002', 'Year 2', 'Optional Module 2', 49, 78, 'MD17'),
('EN00577', 'SD0145', 'C003', 'Year 2', 'Core Module 1', 61, NULL, 'MD33'),
('EN00578', 'SD0145', 'C003', 'Year 2', 'Core Module 2', 38, NULL, 'MD34'),
('EN00579', 'SD0145', 'C003', 'Year 2', 'Optional Module 1', 58, NULL, 'MD38'),
('EN00580', 'SD0145', 'C003', 'Year 2', 'Optional Module 2', 54, NULL, 'MD35'),
('EN00581', 'SD0146', 'C004', 'Year 1', 'Core Module 1', 84, NULL, 'MD41'),
('EN00582', 'SD0146', 'C004', 'Year 1', 'Core Module 2', 86, NULL, 'MD42'),
('EN00583', 'SD0146', 'C004', 'Year 1', 'Optional Module 1', 62, NULL, 'MD49'),
('EN00584', 'SD0146', 'C004', 'Year 1', 'Optional Module 2', 60, NULL, 'MD45'),
('EN00585', 'SD0147', 'C005', 'Year 1', 'Core Module 1', 44, NULL, 'MD51'),
('EN00586', 'SD0147', 'C005', 'Year 1', 'Core Module 2', 87, NULL, 'MD52'),
('EN00587', 'SD0147', 'C005', 'Year 1', 'Optional Module 1', 96, NULL, 'MD59'),
('EN00588', 'SD0147', 'C005', 'Year 1', 'Optional Module 2', 72, NULL, 'MD58'),
('EN00589', 'SD0148', 'C006', 'Year 2', 'Core Module 1', 93, NULL, 'MD63'),
('EN00590', 'SD0148', 'C006', 'Year 2', 'Core Module 2', 41, NULL, 'MD64'),
('EN00591', 'SD0148', 'C006', 'Year 2', 'Optional Module 1', 45, NULL, 'MD68'),
('EN00592', 'SD0148', 'C006', 'Year 2', 'Optional Module 2', 36, NULL, 'MD66'),
('EN00593', 'SD0149', 'C001', 'Year 1', 'Core Module 1', 58, NULL, 'MD11'),
('EN00594', 'SD0149', 'C001', 'Year 1', 'Core Module 2', 95, NULL, 'MD12'),
('EN00595', 'SD0149', 'C001', 'Year 1', 'Optional Module 1', 44, NULL, 'MD15'),
('EN00596', 'SD0149', 'C001', 'Year 1', 'Optional Module 2', 95, NULL, 'MD16'),
('EN00597', 'SD0150', 'C002', 'Year 1', 'Core Module 1', 65, NULL, 'MD21'),
('EN00598', 'SD0150', 'C002', 'Year 1', 'Core Module 2', 30, NULL, 'MD22'),
('EN00599', 'SD0150', 'C002', 'Year 1', 'Optional Module 1', 64, NULL, 'MD29'),
('EN00600', 'SD0150', 'C002', 'Year 1', 'Optional Module 2', 77, NULL, 'MD28'),
('EN00601', 'SD0151', 'C003', 'Year 1', 'Core Module 1', 34, NULL, 'MD31'),
('EN00602', 'SD0151', 'C003', 'Year 1', 'Core Module 2', 37, NULL, 'MD32'),
('EN00603', 'SD0151', 'C003', 'Year 1', 'Optional Module 1', 53, NULL, 'MD36'),
('EN00604', 'SD0151', 'C003', 'Year 1', 'Optional Module 2', 45, NULL, 'MD37'),
('EN00605', 'SD0152', 'C004', 'Year 1', 'Core Module 1', 83, NULL, 'MD41'),
('EN00606', 'SD0152', 'C004', 'Year 1', 'Core Module 2', 71, NULL, 'MD42'),
('EN00607', 'SD0152', 'C004', 'Year 1', 'Optional Module 1', 89, NULL, 'MD47'),
('EN00608', 'SD0152', 'C004', 'Year 1', 'Optional Module 2', 72, NULL, 'MD49'),
('EN00609', 'SD0153', 'C005', 'Year 1', 'Core Module 1', 92, NULL, 'MD51'),
('EN00610', 'SD0153', 'C005', 'Year 1', 'Core Module 2', 71, NULL, 'MD52'),
('EN00611', 'SD0153', 'C005', 'Year 1', 'Optional Module 1', 75, NULL, 'MD59'),
('EN00612', 'SD0153', 'C005', 'Year 1', 'Optional Module 2', 73, NULL, 'MD58'),
('EN00613', 'SD0154', 'C006', 'Year 2', 'Core Module 1', 63, NULL, 'MD63'),
('EN00614', 'SD0154', 'C006', 'Year 2', 'Core Module 2', 56, NULL, 'MD64'),
('EN00615', 'SD0154', 'C006', 'Year 2', 'Optional Module 1', 92, NULL, 'MD66'),
('EN00616', 'SD0154', 'C006', 'Year 2', 'Optional Module 2', 41, NULL, 'MD67'),
('EN00617', 'SD0155', 'C001', 'Year 2', 'Core Module 1', 88, NULL, 'MD13'),
('EN00618', 'SD0155', 'C001', 'Year 2', 'Core Module 2', 63, NULL, 'MD14'),
('EN00619', 'SD0155', 'C001', 'Year 2', 'Optional Module 1', 60, NULL, 'MD18'),
('EN00620', 'SD0155', 'C001', 'Year 2', 'Optional Module 2', 86, NULL, 'MD16'),
('EN00621', 'SD0156', 'C002', 'Year 2', 'Core Module 1', 66, NULL, 'MD23'),
('EN00622', 'SD0156', 'C002', 'Year 2', 'Core Module 2', 61, NULL, 'MD24'),
('EN00623', 'SD0156', 'C002', 'Year 2', 'Optional Module 1', 94, NULL, 'MD26'),
('EN00624', 'SD0156', 'C002', 'Year 2', 'Optional Module 2', 86, NULL, 'MD29'),
('EN00625', 'SD0157', 'C003', 'Year 1', 'Core Module 1', 74, NULL, 'MD31'),
('EN00626', 'SD0157', 'C003', 'Year 1', 'Core Module 2', 89, NULL, 'MD32'),
('EN00627', 'SD0157', 'C003', 'Year 1', 'Optional Module 1', 76, NULL, 'MD37'),
('EN00628', 'SD0157', 'C003', 'Year 1', 'Optional Module 2', 74, NULL, 'MD35'),
('EN00629', 'SD0158', 'C004', 'Year 2', 'Core Module 1', 39, NULL, 'MD43'),
('EN00630', 'SD0158', 'C004', 'Year 2', 'Core Module 2', 45, NULL, 'MD44'),
('EN00631', 'SD0158', 'C004', 'Year 2', 'Optional Module 1', 77, NULL, 'MD49'),
('EN00632', 'SD0158', 'C004', 'Year 2', 'Optional Module 2', 93, NULL, 'MD47'),
('EN00633', 'SD0159', 'C005', 'Year 1', 'Core Module 1', 96, NULL, 'MD51'),
('EN00634', 'SD0159', 'C005', 'Year 1', 'Core Module 2', 75, NULL, 'MD52'),
('EN00635', 'SD0159', 'C005', 'Year 1', 'Optional Module 1', 52, NULL, 'MD59'),
('EN00636', 'SD0159', 'C005', 'Year 1', 'Optional Module 2', 47, NULL, 'MD56'),
('EN00637', 'SD0160', 'C006', 'Year 2', 'Core Module 1', 89, NULL, 'MD63'),
('EN00638', 'SD0160', 'C006', 'Year 2', 'Core Module 2', 41, NULL, 'MD64'),
('EN00639', 'SD0160', 'C006', 'Year 2', 'Optional Module 1', 83, NULL, 'MD65'),
('EN00640', 'SD0160', 'C006', 'Year 2', 'Optional Module 2', 67, NULL, 'MD69'),
('EN00641', 'SD0161', 'C001', 'Year 2', 'Core Module 1', 94, NULL, 'MD13'),
('EN00642', 'SD0161', 'C001', 'Year 2', 'Core Module 2', 90, NULL, 'MD14'),
('EN00643', 'SD0161', 'C001', 'Year 2', 'Optional Module 1', 93, NULL, 'MD19'),
('EN00644', 'SD0161', 'C001', 'Year 2', 'Optional Module 2', 89, NULL, 'MD18'),
('EN00645', 'SD0162', 'C002', 'Year 1', 'Core Module 1', 59, NULL, 'MD21'),
('EN00646', 'SD0162', 'C002', 'Year 1', 'Core Module 2', 72, NULL, 'MD22'),
('EN00647', 'SD0162', 'C002', 'Year 1', 'Optional Module 1', 69, NULL, 'MD28'),
('EN00648', 'SD0162', 'C002', 'Year 1', 'Optional Module 2', 41, NULL, 'MD27'),
('EN00649', 'SD0163', 'C003', 'Year 1', 'Core Module 1', 48, NULL, 'MD31'),
('EN00650', 'SD0163', 'C003', 'Year 1', 'Core Module 2', 59, NULL, 'MD32'),
('EN00651', 'SD0163', 'C003', 'Year 1', 'Optional Module 1', 54, NULL, 'MD35'),
('EN00652', 'SD0163', 'C003', 'Year 1', 'Optional Module 2', 54, NULL, 'MD39'),
('EN00653', 'SD0164', 'C004', 'Year 2', 'Core Module 1', 33, NULL, 'MD43'),
('EN00654', 'SD0164', 'C004', 'Year 2', 'Core Module 2', 67, NULL, 'MD44'),
('EN00655', 'SD0164', 'C004', 'Year 2', 'Optional Module 1', 75, NULL, 'MD46'),
('EN00656', 'SD0164', 'C004', 'Year 2', 'Optional Module 2', 56, NULL, 'MD48');
INSERT INTO `enrollments` (`enrollment_id`, `student_id`, `course_id`, `enrollment_year`, `enrollment_type`, `mock_mark`, `final_mark`, `module_id`) VALUES
('EN00657', 'SD0165', 'C005', 'Year 2', 'Core Module 1', 97, NULL, 'MD53'),
('EN00658', 'SD0165', 'C005', 'Year 2', 'Core Module 2', 98, NULL, 'MD54'),
('EN00659', 'SD0165', 'C005', 'Year 2', 'Optional Module 1', 99, NULL, 'MD58'),
('EN00660', 'SD0165', 'C005', 'Year 2', 'Optional Module 2', 92, NULL, 'MD57'),
('EN00661', 'SD0166', 'C006', 'Year 1', 'Core Module 1', 51, NULL, 'MD61'),
('EN00662', 'SD0166', 'C006', 'Year 1', 'Core Module 2', 96, NULL, 'MD62'),
('EN00663', 'SD0166', 'C006', 'Year 1', 'Optional Module 1', 83, NULL, 'MD65'),
('EN00664', 'SD0166', 'C006', 'Year 1', 'Optional Module 2', 46, NULL, 'MD68'),
('EN00665', 'SD0167', 'C001', 'Year 1', 'Core Module 1', 66, NULL, 'MD11'),
('EN00666', 'SD0167', 'C001', 'Year 1', 'Core Module 2', 41, NULL, 'MD12'),
('EN00667', 'SD0167', 'C001', 'Year 1', 'Optional Module 1', 38, NULL, 'MD16'),
('EN00668', 'SD0167', 'C001', 'Year 1', 'Optional Module 2', 36, NULL, 'MD18'),
('EN00669', 'SD0168', 'C002', 'Year 1', 'Core Module 1', 46, NULL, 'MD21'),
('EN00670', 'SD0168', 'C002', 'Year 1', 'Core Module 2', 57, NULL, 'MD22'),
('EN00671', 'SD0168', 'C002', 'Year 1', 'Optional Module 1', 92, NULL, 'MD27'),
('EN00672', 'SD0168', 'C002', 'Year 1', 'Optional Module 2', 37, NULL, 'MD28'),
('EN00673', 'SD0169', 'C003', 'Year 2', 'Core Module 1', 59, NULL, 'MD33'),
('EN00674', 'SD0169', 'C003', 'Year 2', 'Core Module 2', 93, NULL, 'MD34'),
('EN00675', 'SD0169', 'C003', 'Year 2', 'Optional Module 1', 65, NULL, 'MD35'),
('EN00676', 'SD0169', 'C003', 'Year 2', 'Optional Module 2', 88, NULL, 'MD38'),
('EN00677', 'SD0170', 'C004', 'Year 1', 'Core Module 1', 83, NULL, 'MD41'),
('EN00678', 'SD0170', 'C004', 'Year 1', 'Core Module 2', 69, NULL, 'MD42'),
('EN00679', 'SD0170', 'C004', 'Year 1', 'Optional Module 1', 69, NULL, 'MD46'),
('EN00680', 'SD0170', 'C004', 'Year 1', 'Optional Module 2', 85, NULL, 'MD47'),
('EN00681', 'SD0171', 'C005', 'Year 2', 'Core Module 1', 46, NULL, 'MD53'),
('EN00682', 'SD0171', 'C005', 'Year 2', 'Core Module 2', 80, NULL, 'MD54'),
('EN00683', 'SD0171', 'C005', 'Year 2', 'Optional Module 1', 87, NULL, 'MD56'),
('EN00684', 'SD0171', 'C005', 'Year 2', 'Optional Module 2', 89, NULL, 'MD59'),
('EN00685', 'SD0172', 'C006', 'Year 1', 'Core Module 1', 76, NULL, 'MD61'),
('EN00686', 'SD0172', 'C006', 'Year 1', 'Core Module 2', 72, NULL, 'MD62'),
('EN00687', 'SD0172', 'C006', 'Year 1', 'Optional Module 1', 37, NULL, 'MD67'),
('EN00688', 'SD0172', 'C006', 'Year 1', 'Optional Module 2', 93, NULL, 'MD69'),
('EN00689', 'SD0173', 'C001', 'Year 1', 'Core Module 1', 90, NULL, 'MD11'),
('EN00690', 'SD0173', 'C001', 'Year 1', 'Core Module 2', 94, NULL, 'MD12'),
('EN00691', 'SD0173', 'C001', 'Year 1', 'Optional Module 1', 96, NULL, 'MD15'),
('EN00692', 'SD0173', 'C001', 'Year 1', 'Optional Module 2', 30, NULL, 'MD16'),
('EN00693', 'SD0174', 'C002', 'Year 2', 'Core Module 1', 96, NULL, 'MD23'),
('EN00694', 'SD0174', 'C002', 'Year 2', 'Core Module 2', 35, NULL, 'MD24'),
('EN00695', 'SD0174', 'C002', 'Year 2', 'Optional Module 1', 55, NULL, 'MD28'),
('EN00696', 'SD0174', 'C002', 'Year 2', 'Optional Module 2', 39, NULL, 'MD29'),
('EN00697', 'SD0175', 'C003', 'Year 1', 'Core Module 1', 89, NULL, 'MD31'),
('EN00698', 'SD0175', 'C003', 'Year 1', 'Core Module 2', 30, NULL, 'MD32'),
('EN00699', 'SD0175', 'C003', 'Year 1', 'Optional Module 1', 52, NULL, 'MD38'),
('EN00700', 'SD0175', 'C003', 'Year 1', 'Optional Module 2', 56, NULL, 'MD39'),
('EN00701', 'SD0176', 'C004', 'Year 2', 'Core Module 1', 96, NULL, 'MD43'),
('EN00702', 'SD0176', 'C004', 'Year 2', 'Core Module 2', 77, NULL, 'MD44'),
('EN00703', 'SD0176', 'C004', 'Year 2', 'Optional Module 1', 49, NULL, 'MD45'),
('EN00704', 'SD0176', 'C004', 'Year 2', 'Optional Module 2', 65, NULL, 'MD46'),
('EN00705', 'SD0177', 'C005', 'Year 1', 'Core Module 1', 77, NULL, 'MD51'),
('EN00706', 'SD0177', 'C005', 'Year 1', 'Core Module 2', 73, NULL, 'MD52'),
('EN00707', 'SD0177', 'C005', 'Year 1', 'Optional Module 1', 36, NULL, 'MD56'),
('EN00708', 'SD0177', 'C005', 'Year 1', 'Optional Module 2', 89, NULL, 'MD57'),
('EN00709', 'SD0178', 'C006', 'Year 1', 'Core Module 1', 80, NULL, 'MD61'),
('EN00710', 'SD0178', 'C006', 'Year 1', 'Core Module 2', 79, NULL, 'MD62'),
('EN00711', 'SD0178', 'C006', 'Year 1', 'Optional Module 1', 45, NULL, 'MD65'),
('EN00712', 'SD0178', 'C006', 'Year 1', 'Optional Module 2', 29, NULL, 'MD66'),
('EN00713', 'SD0179', 'C001', 'Year 2', 'Core Module 1', 52, NULL, 'MD13'),
('EN00714', 'SD0179', 'C001', 'Year 2', 'Core Module 2', 62, NULL, 'MD14'),
('EN00715', 'SD0179', 'C001', 'Year 2', 'Optional Module 1', 74, 86, 'MD17'),
('EN00716', 'SD0179', 'C001', 'Year 2', 'Optional Module 2', 43, NULL, 'MD19'),
('EN00717', 'SD0180', 'C002', 'Year 1', 'Core Module 1', 65, NULL, 'MD21'),
('EN00718', 'SD0180', 'C002', 'Year 1', 'Core Module 2', 86, NULL, 'MD22'),
('EN00719', 'SD0180', 'C002', 'Year 1', 'Optional Module 1', 75, NULL, 'MD26'),
('EN00720', 'SD0180', 'C002', 'Year 1', 'Optional Module 2', 78, NULL, 'MD28'),
('EN00721', 'SD0181', 'C003', 'Year 2', 'Core Module 1', 37, NULL, 'MD33'),
('EN00722', 'SD0181', 'C003', 'Year 2', 'Core Module 2', 93, NULL, 'MD34'),
('EN00723', 'SD0181', 'C003', 'Year 2', 'Optional Module 1', 33, NULL, 'MD36'),
('EN00724', 'SD0181', 'C003', 'Year 2', 'Optional Module 2', 94, NULL, 'MD35'),
('EN00725', 'SD0182', 'C004', 'Year 2', 'Core Module 1', 87, NULL, 'MD43'),
('EN00726', 'SD0182', 'C004', 'Year 2', 'Core Module 2', 92, NULL, 'MD44'),
('EN00727', 'SD0182', 'C004', 'Year 2', 'Optional Module 1', 93, NULL, 'MD47'),
('EN00728', 'SD0182', 'C004', 'Year 2', 'Optional Module 2', 88, NULL, 'MD49'),
('EN00729', 'SD0183', 'C005', 'Year 2', 'Core Module 1', 64, NULL, 'MD53'),
('EN00730', 'SD0183', 'C005', 'Year 2', 'Core Module 2', 76, NULL, 'MD54'),
('EN00731', 'SD0183', 'C005', 'Year 2', 'Optional Module 1', 70, NULL, 'MD56'),
('EN00732', 'SD0183', 'C005', 'Year 2', 'Optional Module 2', 32, NULL, 'MD59'),
('EN00733', 'SD0184', 'C006', 'Year 1', 'Core Module 1', 89, NULL, 'MD61'),
('EN00734', 'SD0184', 'C006', 'Year 1', 'Core Module 2', 78, NULL, 'MD62'),
('EN00735', 'SD0184', 'C006', 'Year 1', 'Optional Module 1', 32, NULL, 'MD66'),
('EN00736', 'SD0184', 'C006', 'Year 1', 'Optional Module 2', 53, NULL, 'MD67'),
('EN00737', 'SD0185', 'C001', 'Year 1', 'Core Module 1', 91, NULL, 'MD11'),
('EN00738', 'SD0185', 'C001', 'Year 1', 'Core Module 2', 95, NULL, 'MD12'),
('EN00739', 'SD0185', 'C001', 'Year 1', 'Optional Module 1', 47, NULL, 'MD19'),
('EN00740', 'SD0185', 'C001', 'Year 1', 'Optional Module 2', 55, NULL, 'MD15'),
('EN00741', 'SD0186', 'C002', 'Year 1', 'Core Module 1', 70, NULL, 'MD21'),
('EN00742', 'SD0186', 'C002', 'Year 1', 'Core Module 2', 43, NULL, 'MD22'),
('EN00743', 'SD0186', 'C002', 'Year 1', 'Optional Module 1', 88, NULL, 'MD26'),
('EN00744', 'SD0186', 'C002', 'Year 1', 'Optional Module 2', 92, NULL, 'MD28'),
('EN00745', 'SD0187', 'C003', 'Year 1', 'Core Module 1', 46, NULL, 'MD31'),
('EN00746', 'SD0187', 'C003', 'Year 1', 'Core Module 2', 35, NULL, 'MD32'),
('EN00747', 'SD0187', 'C003', 'Year 1', 'Optional Module 1', 95, NULL, 'MD35'),
('EN00748', 'SD0187', 'C003', 'Year 1', 'Optional Module 2', 47, NULL, 'MD38'),
('EN00749', 'SD0188', 'C004', 'Year 2', 'Core Module 1', 56, NULL, 'MD43'),
('EN00750', 'SD0188', 'C004', 'Year 2', 'Core Module 2', 60, NULL, 'MD44'),
('EN00751', 'SD0188', 'C004', 'Year 2', 'Optional Module 1', 45, NULL, 'MD48'),
('EN00752', 'SD0188', 'C004', 'Year 2', 'Optional Module 2', 66, NULL, 'MD46'),
('EN00753', 'SD0189', 'C005', 'Year 2', 'Core Module 1', 63, NULL, 'MD53'),
('EN00754', 'SD0189', 'C005', 'Year 2', 'Core Module 2', 72, NULL, 'MD54'),
('EN00755', 'SD0189', 'C005', 'Year 2', 'Optional Module 1', 88, NULL, 'MD55'),
('EN00756', 'SD0189', 'C005', 'Year 2', 'Optional Module 2', 53, NULL, 'MD57'),
('EN00757', 'SD0190', 'C006', 'Year 1', 'Core Module 1', 67, NULL, 'MD61'),
('EN00758', 'SD0190', 'C006', 'Year 1', 'Core Module 2', 40, NULL, 'MD62'),
('EN00759', 'SD0190', 'C006', 'Year 1', 'Optional Module 1', 94, NULL, 'MD68'),
('EN00760', 'SD0190', 'C006', 'Year 1', 'Optional Module 2', 91, NULL, 'MD69'),
('EN00761', 'SD0191', 'C001', 'Year 1', 'Core Module 1', 57, NULL, 'MD11'),
('EN00762', 'SD0191', 'C001', 'Year 1', 'Core Module 2', 44, NULL, 'MD12'),
('EN00763', 'SD0191', 'C001', 'Year 1', 'Optional Module 1', 68, NULL, 'MD15'),
('EN00764', 'SD0191', 'C001', 'Year 1', 'Optional Module 2', 65, 76, 'MD17'),
('EN00765', 'SD0192', 'C002', 'Year 2', 'Core Module 1', 83, NULL, 'MD23'),
('EN00766', 'SD0192', 'C002', 'Year 2', 'Core Module 2', 93, NULL, 'MD24'),
('EN00767', 'SD0192', 'C002', 'Year 2', 'Optional Module 1', 29, NULL, 'MD25'),
('EN00768', 'SD0192', 'C002', 'Year 2', 'Optional Module 2', 71, NULL, 'MD26'),
('EN00769', 'SD0193', 'C003', 'Year 2', 'Core Module 1', 76, NULL, 'MD33'),
('EN00770', 'SD0193', 'C003', 'Year 2', 'Core Module 2', 75, NULL, 'MD34'),
('EN00771', 'SD0193', 'C003', 'Year 2', 'Optional Module 1', 57, NULL, 'MD39'),
('EN00772', 'SD0193', 'C003', 'Year 2', 'Optional Module 2', 96, NULL, 'MD38'),
('EN00773', 'SD0194', 'C004', 'Year 1', 'Core Module 1', 46, NULL, 'MD41'),
('EN00774', 'SD0194', 'C004', 'Year 1', 'Core Module 2', 41, NULL, 'MD42'),
('EN00775', 'SD0194', 'C004', 'Year 1', 'Optional Module 1', 32, NULL, 'MD47'),
('EN00776', 'SD0194', 'C004', 'Year 1', 'Optional Module 2', 78, NULL, 'MD46'),
('EN00777', 'SD0195', 'C005', 'Year 2', 'Core Module 1', 32, NULL, 'MD53'),
('EN00778', 'SD0195', 'C005', 'Year 2', 'Core Module 2', 69, NULL, 'MD54'),
('EN00779', 'SD0195', 'C005', 'Year 2', 'Optional Module 1', 65, NULL, 'MD57'),
('EN00780', 'SD0195', 'C005', 'Year 2', 'Optional Module 2', 75, NULL, 'MD58'),
('EN00781', 'SD0196', 'C006', 'Year 1', 'Core Module 1', 59, NULL, 'MD61'),
('EN00782', 'SD0196', 'C006', 'Year 1', 'Core Module 2', 84, NULL, 'MD62'),
('EN00783', 'SD0196', 'C006', 'Year 1', 'Optional Module 1', 64, NULL, 'MD66'),
('EN00784', 'SD0196', 'C006', 'Year 1', 'Optional Module 2', 40, NULL, 'MD65'),
('EN00785', 'SD0197', 'C001', 'Year 1', 'Core Module 1', 83, NULL, 'MD11'),
('EN00786', 'SD0197', 'C001', 'Year 1', 'Core Module 2', 94, NULL, 'MD12'),
('EN00787', 'SD0197', 'C001', 'Year 1', 'Optional Module 1', 41, NULL, 'MD19'),
('EN00788', 'SD0197', 'C001', 'Year 1', 'Optional Module 2', 66, NULL, 'MD15'),
('EN00789', 'SD0198', 'C002', 'Year 1', 'Core Module 1', 87, NULL, 'MD21'),
('EN00790', 'SD0198', 'C002', 'Year 1', 'Core Module 2', 56, NULL, 'MD22'),
('EN00791', 'SD0198', 'C002', 'Year 1', 'Optional Module 1', 47, NULL, 'MD29'),
('EN00792', 'SD0198', 'C002', 'Year 1', 'Optional Module 2', 45, NULL, 'MD25'),
('EN00793', 'SD0199', 'C003', 'Year 2', 'Core Module 1', 69, NULL, 'MD33'),
('EN00794', 'SD0199', 'C003', 'Year 2', 'Core Module 2', 93, NULL, 'MD34'),
('EN00795', 'SD0199', 'C003', 'Year 2', 'Optional Module 1', 61, NULL, 'MD37'),
('EN00796', 'SD0199', 'C003', 'Year 2', 'Optional Module 2', 83, NULL, 'MD35'),
('EN00797', 'SD0200', 'C004', 'Year 2', 'Core Module 1', 90, NULL, 'MD43'),
('EN00798', 'SD0200', 'C004', 'Year 2', 'Core Module 2', 71, NULL, 'MD44'),
('EN00799', 'SD0200', 'C004', 'Year 2', 'Optional Module 1', 72, NULL, 'MD45'),
('EN00800', 'SD0200', 'C004', 'Year 2', 'Optional Module 2', 78, NULL, 'MD46');

--
-- Dumping data for table `extracurriculars`
--

INSERT INTO `extracurriculars` (`activity_id`, `activity_name`, `activity_type`, `activity_time_1`, `activity_time_2`, `additional_practice`) VALUES
('AC01', 'Football', 'Varsity', 'Mon08000900', 'Fri16001800', 'Wed18002000'),
('AC02', 'Football', 'Social', 'Thu18001900', 'Fri16001700', NULL),
('AC03', 'Basketball', 'Varsity', 'Mon08000900', 'Fri08000900', NULL),
('AC04', 'Basketball', 'Social', 'Thu18001900', 'Fri16001800', NULL),
('AC05', 'Chess', 'Varsity', 'Thu18001900', 'Fri17001900', NULL),
('AC06', 'Chess', 'Social', 'Thu18001900', 'Fri18001900', NULL),
('AC07', 'Programming', 'Social', 'Thu18001900', 'Fri17001800', NULL),
('AC08', 'No Activity', '', 'Day00000000', 'Day00000000', NULL);

--
-- Dumping data for table `modules`
--

INSERT INTO `modules` (`module_id`, `module_name`, `course`, `module_credit`, `lecture_slot_1`, `lecture_slot_2`) VALUES
('MD53', 'Geometry', 'Mathematics', 40, 'Mon09001100', 'Fri15001600'),
('MD51', 'Pure Mathematics', 'Mathematics', 40, 'Mon09001100', 'Wed17001900'),
('MD52', 'Algebra', 'Mathematics', 40, 'Tue10001200', 'Wed14001500'),
('MD54', 'Advanced Pure Mathematics', 'Mathematics', 40, 'Tue13001400', 'Wed15001600'),
('MD55', 'Mechanics', 'Mathematics', 20, 'Tue11001300', 'Thu14001500'),
('MD56', 'Calculus', 'Mathematics', 20, 'Tue09001000', 'Fri09001000'),
('MD57', 'Mathematical Modelling', 'Mathematics', 20, 'Tue14001500', 'Thu11001300'),
('MD58', 'Statistics', 'Mathematics', 20, 'Wed12001400', 'Fri13001400'),
('MD59', 'Advanced Statistics', 'Mathematics', 20, 'Wed14301630', 'Fri15001600'),
('MD60', 'Computational Mathematics', 'Computer Science,Mathematics', 20, 'Wed09001100', 'Fri09001130'),
('MD11', 'Introduction to Business', 'Business', 40, 'Mon09001100', 'Wed14001600'),
('MD12', 'Marketing Basics', 'Business', 40, 'Mon12001400', 'Wed17001830'),
('MD13', 'Customer Service', 'Business', 40, 'Mon09001100', 'Wed14001600'),
('MD14', 'Accounting Basics', 'Business', 40, 'Mon12001400', 'Wed17001830'),
('MD15', 'Business Strategy', 'Business,Accounting', 20, 'Tue11001300', 'Thu11001200'),
('MD16', 'Negotiation Skills', 'Business', 20, 'Thu09001100', 'Fri09001000'),
('MD17', 'Financial Technology', 'Business,Computer Science,Accounting', 20, 'Thu12001400', 'Fri12001300'),
('MD18', 'E-Commerce', 'Business', 20, 'Thu14001600', 'Fri13001400'),
('MD19', 'Market Research', 'Business', 20, 'Thu16001800', 'Fri14001500'),
('MD20', 'Advanced Accounting', 'Business', 20, 'Tue09001100', 'Fri15001600'),
('MD21', 'Web Design', 'Computer Science', 40, 'Mon09001100', 'Tue09001000'),
('MD22', 'Software Development', 'Computer Science', 40, 'Mon12001400', 'Tue12001300'),
('MD23', 'Data Science', 'Computer Science', 40, 'Mon09001100', 'Tue09001000'),
('MD24', 'Cybersecurity', 'Computer Science', 40, 'Mon12001400', 'Tue12001300'),
('MD25', 'Network Testing', 'Computer Science', 20, 'Mon15001700', 'Tue13001400'),
('MD26', 'Hardware Maintenance', 'Computer Science', 20, 'Mon15001700', 'Tue13001400'),
('MD27', 'Cloud Computing', 'Computer Science', 20, 'Mon17001900', 'Tue14001500'),
('MD28', 'Software Management', 'Computer Science', 20, 'Wed09001100', 'Tue15001600'),
('MD31', 'English Grammar', 'English', 40, 'Mon09001100', 'Tue09001000'),
('MD32', 'Modern Literature', 'English', 40, 'Mon12001400', 'Tue12001300'),
('MD33', 'Advanced Grammar', 'English', 40, 'Mon09001100', 'Tue09001000'),
('MD34', 'English Fiction', 'English', 40, 'Mon12001400', 'Tue12001300'),
('MD35', 'Victorian Literature', 'English', 20, 'Mon16001800', 'Tue13001400'),
('MD36', 'Spoken English', 'English', 20, 'Tue14001500', 'Wed09001100'),
('MD37', 'Old English', 'English', 20, 'Tue15001600', 'Wed11001300'),
('MD38', 'Shakespeare', 'English', 20, 'Tue16001700', 'Wed13001500'),
('MD39', 'American Fiction', 'English', 20, 'Tue17001800', 'Wed15001700'),
('MD40', 'Teaching EFL', 'English', 20, 'Tue18001900', 'Wed17001900'),
('MD41', 'Constitutional Law', 'Law', 40, 'Mon09001100', 'Tue09001000'),
('MD42', 'Contract Law', 'Law', 40, 'Mon12001400', 'Tue11001200'),
('MD43', 'Land Law', 'Law', 40, 'Mon09001100', 'Tue09001000'),
('MD44', 'Criminal Law', 'Law', 40, 'Mon12001400', 'Tue12001300'),
('MD45', 'Tort Law', 'Law', 20, 'Mon15001700', 'Tue13001400'),
('MD46', 'Business Law', 'Law,Accounting', 20, 'Tue15001700', 'Wed18001900'),
('MD47', 'Commercial Law', 'Law', 20, 'Wed09001100', 'Thu09001000'),
('MD48', 'Jurisprudence', 'Law', 20, 'Wed12001400', 'Thu11001200'),
('MD49', 'Employment Law', 'Law', 20, 'Wed15001700', 'Thu13001400'),
('MD50', 'Solicitors Accounts', 'Law', 20, 'Thu15001700', 'Fri09001000'),
('MD61', 'Bookkeeping', 'Accounting', 40, 'Mon09001100', 'Tue09001000'),
('MD62', 'Payroll Accounting', 'Accounting', 40, 'Mon12001400', 'Tue11001200'),
('MD63', 'Financial Reporting', 'Accounting', 40, 'Mon09001100', 'Tue09001000'),
('MD64', 'Statutory Audit', 'Accounting', 40, 'Mon12001400', 'Tue11001200'),
('MD65', 'Financial Management', 'Accounting', 20, 'Mon15001700', 'Tue13001400'),
('MD66', 'Management Information', 'Accounting', 20, 'Tue15001700', 'Wed18001900'),
('MD67', 'Tax Accounting', 'Accounting', 20, 'Wed09001100', 'Thu09001000');

--
-- Dumping data for table `students`
--

INSERT INTO `students` (`student_id`, `first_name`, `last_name`, `preferred_name`, `birth_date`, `enrollment_date`, `year_group`, `student_activity_id`, `emergency_contact_id`, `emergency_contact_rel`, `student_course_id`) VALUES
('SD0001', 'Abigail', 'Matthews', 'Abby', '2008-05-09', '2025-09-01', '1', 'AC03', 'EC0001', 'Mother', 'C005'),
('SD0002', 'Bartholomew', 'Matthews', 'Bart', '2009-06-11', '2024-09-01', '2', 'AC03', 'EC0001', 'Mother', 'C004'),
('SD0003', 'Charles', 'Nixon', 'Charlie', '2008-02-11', '2025-09-01', '1', 'AC05', 'EC0002', 'Step-Father', 'C001'),
('SD0004', 'Daisy', 'Nixon', '', '2008-02-11', '2025-09-01', '1', 'AC07', 'EC0002', 'Step-Father', 'C004'),
('SD0005', 'Eamon', 'Olson', '', '2008-05-14', '2025-09-01', '2', 'AC04', 'EC0003', 'Father', 'C006'),
('SD0006', 'Fredrick', 'Patel', 'Freddy', '2008-03-17', '2024-09-01', '2', 'AC01', 'EC0004', 'Mother', 'C005'),
('SD0007', 'Georgina', 'Quimby', 'Georgie', '2007-09-12', '2024-09-01', '2', 'AC04', 'EC0005', 'Father', 'C002'),
('SD0008', 'Heather', 'Rhys', '', '2008-03-12', '2024-09-01', '2', 'AC03', 'EC0006', 'Mother', 'C004'),
('SD0009', 'Imogen', 'Southworth', '', '2008-11-23', '2025-09-01', '1', 'AC07', 'EC0007', 'Aunt', 'C006'),
('SD0010', 'Jonathan', 'Thomson', 'Jon', '2008-11-11', '2025-09-01', '1', 'AC06', 'EC0008', 'Step-Mother', 'C006'),
('SD0011', 'Kevin', 'Upton', 'Kev', '2008-05-09', '2024-09-01', '2', 'AC05', 'EC0009', 'Mother', 'C001'),
('SD0012', 'Lawrence', 'Vincent', 'Larry', '2008-02-11', '2024-09-01', '2', 'AC02', 'EC0010', 'Mother', 'C005'),
('SD0013', 'Matthew', 'Williamson', 'Matt', '2008-02-19', '2024-09-01', '2', 'AC03', 'EC0011', 'Mother', 'C002'),
('SD0014', 'Nathan', 'Xavier', '', '2008-09-12', '2025-09-01', '1', 'AC01', 'EC0012', 'Father', 'C006'),
('SD0015', 'Owen', 'Young', '', '2008-02-12', '2024-09-01', '2', 'AC05', 'EC0013', 'Mother', 'C006'),
('SD0016', 'Peter', 'Miller', 'Pete', '2009-02-11', '2025-09-01', '1', 'AC01', 'EC0014', 'Mother', 'C004'),
('SD0017', 'Charles', 'Black', '', '2009-01-23', '2025-09-01', '1', 'AC02', 'EC0015', 'Father', 'C002'),
('SD0018', 'Edmund', 'Johnson', 'Eddy', '2008-10-29', '2025-09-01', '1', 'AC04', 'EC0007', 'Mother', 'C002'),
('SD0019', 'Maria', 'Miller', '', '2008-09-23', '2024-09-01', '2', 'AC06', 'EC0014', 'Mother', 'C003'),
('SD0020', 'Qunicy', 'Albertson', '', '2008-03-17', '2024-09-01', '2', 'AC07', 'EC0016', 'Step-Mother', 'C005'),
('SD0021', 'Ronald', 'Barmey', 'Ron', '2008-01-31', '2024-09-01', '1', 'AC01', 'EC0017', 'Mother', 'C003'),
('SD0022', 'Samuel', 'Carverson', '', '2008-10-14', '2025-09-01', '1', 'AC04', 'EC0018', 'Father', 'C001'),
('SD0023', 'Thomas', 'Diller', '', '2008-02-20', '2024-09-01', '2', 'AC03', 'EC0019', 'Mother', 'C003'),
('SD0024', 'Eugene', 'Eaton', '', '2008-02-11', '2024-09-01', '2', 'AC05', 'EC0020', 'Mother', 'C003'),
('SD0025', 'Vincent', 'Fuller', '', '2009-06-21', '2025-09-01', '1', 'AC02', 'EC0021', 'Father', 'C002'),
('SD0026', 'William', 'George', 'Will', '2008-03-17', '2024-09-01', '1', 'AC06', 'EC0022', 'Mother', 'C001'),
('SD0027', 'Alexander', 'Heath', 'Xander', '2008-11-30', '2024-09-01', '2', 'AC07', 'EC0023', 'Father', 'C005'),
('SD0028', 'Alison', 'Grange', 'Ally', '2008-02-20', '2024-09-01', '2', 'AC03', 'EC0016', 'Mother', 'C003'),
('SD0029', 'Bethany', 'Henderson', 'Beth', '2008-02-11', '2024-09-01', '2', 'AC02', 'EC0024', 'Father', 'C003'),
('SD0030', 'Catrina', 'Jason', '', '2009-06-21', '2025-09-01', '1', 'AC01', 'EC0025', 'Father', 'C002'),
('SD0031', 'June', 'Villanueva', '', '2008-09-11', '2025-09-01', '1', 'AC03', 'EC0026', 'Mother', 'C005'),
('SD0032', 'Martha', 'Johnston', '', '2007-06-23', '2024-09-01', '2', 'AC03', 'EC0027', 'Mother', 'C004'),
('SD0033', 'Myles', 'Martinburg', '', '2008-02-11', '2025-09-01', '1', 'AC05', 'EC0028', 'Step-Father', 'C001'),
('SD0034', 'Julio', 'Johannes', 'Jul', '2008-02-11', '2025-09-01', '1', 'AC07', 'EC0029', 'Step-Father', 'C004'),
('SD0035', 'Thaddeaus', 'Romain', '', '2008-04-14', '2025-09-01', '2', 'AC04', 'EC0029', 'Father', 'C006'),
('SD0036', 'Nathanial', 'Marner', '', '2008-03-20', '2024-09-01', '2', 'AC01', 'EC0030', 'Mother', 'C005'),
('SD0037', 'Gregory', 'Klin', '', '2007-09-30', '2024-09-01', '2', 'AC04', 'EC0031', 'Father', 'C002'),
('SD0038', 'Hannah', 'Samson', '', '2008-03-12', '2024-09-01', '2', 'AC03', 'EC0032', 'Mother', 'C004'),
('SD0039', 'Emmanuella', 'Norfolk', '', '2008-11-23', '2025-09-01', '1', 'AC07', 'EC0033', 'Aunt', 'C006'),
('SD0040', 'Jono', 'Wakefield', 'Jon', '2008-11-11', '2025-09-01', '1', 'AC06', 'EC0034', 'Step-Mother', 'C006'),
('SD0041', 'Alistair', 'Vane', '', '2008-09-11', '2025-09-01', '1', 'AC03', 'EC0035', 'Mother', 'C005'),
('SD0042', 'Cordelia', 'Snowe', '', '2007-06-23', '2024-09-01', '2', 'AC03', 'EC0036', 'Mother', 'C004'),
('SD0043', 'Banarby', 'Quill', 'Barney', '2008-02-11', '2025-09-01', '1', 'AC05', 'EC0037', 'Step-Father', 'C001'),
('SD0044', 'Onyekachi', 'Eze', 'Kachi', '2008-02-11', '2025-09-01', '1', 'AC07', 'EC0038', 'Step-Father', 'C004'),
('SD0045', 'Polycarp', 'Black', '', '2008-04-14', '2024-09-01', '2', 'AC04', 'EC0039', 'Father', 'C006'),
('SD0046', 'Boniface', 'Black', 'Bonny', '2008-06-20', '2024-09-01', '2', 'AC01', 'EC0039', 'Uncle', 'C005'),
('SD0047', 'Vesna', 'Moor', '', '2007-09-30', '2024-09-01', '2', 'AC04', 'EC0040', 'Father', 'C002'),
('SD0048', 'Winifred', 'Cloke', '', '2008-03-12', '2024-09-01', '2', 'AC03', 'EC0041', 'Mother', 'C004'),
('SD0049', 'Lettice', 'Daw', 'Letty', '2008-11-23', '2025-09-01', '1', 'AC07', 'EC0042', 'Aunt', 'C006'),
('SD0050', 'Peculiar', 'Okoro', '', '2008-11-11', '2025-09-01', '1', 'AC06', 'EC0043', 'Step-Mother', 'C006'),
('SD0051', 'Aiko', 'Nakashima', '', '2008-01-31', '2024-09-01', '1', 'AC01', 'EC0044', 'Mother', 'C003'),
('SD0052', 'Kolawole', 'Braithwaite', 'Kola', '2008-10-14', '2025-09-01', '1', 'AC06', 'EC0045', 'Father', 'C001'),
('SD0053', 'Rafael', 'Monteiro', '', '2008-02-20', '2024-09-01', '2', 'AC03', 'EC0046', 'Mother', 'C003'),
('SD0054', 'Clara', 'Hensley', '', '2008-02-11', '2024-09-01', '2', 'AC07', 'EC0047', 'Mother', 'C003'),
('SD0055', 'Tobias', 'Ashford', '', '2009-06-21', '2025-09-01', '1', 'AC03', 'EC0048', 'Father', 'C002'),
('SD0056', 'Vanessa', 'Baxter', '', '2008-03-17', '2024-09-01', '1', 'AC01', 'EC0049', 'Mother', 'C001'),
('SD0057', 'Sybil', 'Crook', '', '2008-11-30', '2024-09-01', '2', 'AC07', 'EC0050', 'Father', 'C005'),
('SD0058', 'Maria', 'Hunter', 'Marie', '2008-02-20', '2024-09-01', '2', 'AC05', 'EC0051', 'Mother', 'C003'),
('SD0059', 'Bethany', 'Johnson', 'Bettie', '2008-02-11', '2024-09-01', '2', 'AC04', 'EC0052', 'Father', 'C003'),
('SD0060', 'Eugenie', 'Jackson', '', '2009-06-21', '2025-09-01', '1', 'AC01', 'EC0053', 'Father', 'C002'),
('SD0061', 'Euphemia', 'Crawley', '', '2008-09-25', '2025-09-01', '1', 'AC03', 'EC0054', 'Mother', 'C005'),
('SD0062', 'Ichabod', 'Crane', '', '2007-06-15', '2024-09-01', '2', 'AC05', 'EC0055', 'Mother', 'C004'),
('SD0063', 'Astrid', 'Sussex', '', '2008-05-11', '2025-09-01', '1', 'AC05', 'EC0056', 'Step-Father', 'C001'),
('SD0064', 'Ifeanyi', 'Obi', '', '2008-03-25', '2025-09-01', '1', 'AC06', 'EC0057', 'Step-Father', 'C004'),
('SD0065', 'Rowena', 'Thistlethwaite', '', '2008-04-23', '2024-09-01', '2', 'AC01', 'EC0058', 'Father', 'C006'),
('SD0066', 'Rivka', 'Goldstein', 'Riv', '2008-06-12', '2024-09-01', '2', 'AC01', 'EC0059', 'Uncle', 'C005'),
('SD0067', 'Millicent', 'Hobbs', '', '2008-04-17', '2024-09-01', '2', 'AC04', 'EC0060', 'Father', 'C002'),
('SD0068', 'Vikram', 'Nair', '', '2008-03-12', '2024-09-01', '2', 'AC03', 'EC0061', 'Mother', 'C004'),
('SD0069', 'Cyprian', 'Green', '', '2008-10-20', '2025-09-01', '1', 'AC02', 'EC0062', 'Aunt', 'C006'),
('SD0070', 'Ioan', 'Dahl', '', '2008-11-23', '2025-09-01', '1', 'AC06', 'EC0063', 'Step-Mother', 'C006'),
('SD0071', 'Amina', 'Mahmood', '', '2008-01-31', '2025-09-01', '1', 'AC01', 'EC0064', 'Mother', 'C003'),
('SD0072', 'Atticus', 'Finner', '', '2008-10-14', '2025-09-01', '1', 'AC06', 'EC0065', 'Father', 'C001'),
('SD0073', 'Phineas', 'Drummond', '', '2008-02-20', '2024-09-01', '2', 'AC03', 'EC0066', 'Mother', 'C003'),
('SD0074', 'Cornelius', 'Alderman', 'Corny', '2007-11-15', '2024-09-01', '2', 'AC05', 'EC0067', 'Mother', 'C003'),
('SD0075', 'Verity', 'Brownwood', '', '2009-06-21', '2025-09-01', '1', 'AC03', 'EC0068', 'Father', 'C002'),
('SD0076', 'Sylvester', 'Forester', '', '2008-03-17', '2024-09-01', '1', 'AC01', 'EC0069', 'Mother', 'C001'),
('SD0077', 'Araminta', 'Wolfe', '', '2008-11-30', '2024-09-01', '2', 'AC07', 'EC0070', 'Father', 'C005'),
('SD0078', 'Zilpah', 'Moor', '', '2008-02-20', '2024-09-01', '2', 'AC05', 'EC0071', 'Mother', 'C003'),
('SD0079', 'Desdemona', 'Glyde', 'Mona', '2008-02-11', '2024-09-01', '2', 'AC04', 'EC0072', 'Father', 'C003'),
('SD0080', 'Keturah', 'Kenzie', '', '2009-06-21', '2025-09-01', '1', 'AC01', 'EC0073', 'Father', 'C002'),
('SD0081', 'Eleazar', 'Jackson', '', '2008-03-17', '2024-09-01', '2', 'AC01', 'EC0074', 'Mother', 'C001'),
('SD0082', 'Rhoda', 'Ripon', '', '2007-09-12', '2024-09-01', '2', 'AC04', 'EC0075', 'Father', 'C002'),
('SD0083', 'Dinah', 'Jensen', '', '2007-09-12', '2024-09-01', '2', 'AC03', 'EC0076', 'Mother', 'C004'),
('SD0084', 'Carwyn', 'Rhys', '', '2008-05-21', '2025-09-01', '1', 'AC07', 'EC0006', 'Aunt', 'C006'),
('SD0085', 'Amaziah', 'Croft', '', '2008-11-11', '2025-09-01', '1', 'AC06', 'EC0077', 'Step-Mother', 'C006'),
('SD0086', 'Susannah', 'Dusk', 'Suzie', '2008-05-09', '2024-09-01', '2', 'AC05', 'EC0078', 'Mother', 'C001'),
('SD0087', 'Nehemiah', 'Seacroft', '', '2008-02-11', '2024-09-01', '2', 'AC02', 'EC0079', 'Mother', 'C005'),
('SD0088', 'Malakai', 'Brownlee', '', '2008-02-19', '2024-09-01', '2', 'AC03', 'EC0080', 'Mother', 'C002'),
('SD0089', 'Gideon', 'Stride', '', '2008-09-12', '2025-09-01', '1', 'AC01', 'EC0081', 'Father', 'C004'),
('SD0090', 'Joanna', 'Eagle', '', '2008-02-12', '2024-09-01', '2', 'AC05', 'EC0082', 'Mother', 'C006'),
('SD0091', 'Sosthenes', 'Blunt', '', '2008-03-07', '2024-09-01', '2', 'AC01', 'EC0083', 'Mother', 'C001'),
('SD0092', 'Brenda', 'Ripon', '', '2007-11-12', '2024-09-01', '2', 'AC04', 'EC0084', 'Father', 'C002'),
('SD0093', 'Tabitha', 'Fisher', '', '2007-03-12', '2024-09-01', '2', 'AC03', 'EC0085', 'Mother', 'C004'),
('SD0094', 'Dorcas', 'Fisher', '', '2008-05-21', '2025-09-01', '1', 'AC07', 'EC0085', 'Mother', 'C006'),
('SD0095', 'Hadassah', 'Fenn', '', '2008-11-11', '2025-09-01', '1', 'AC06', 'EC0086', 'Mother', 'C006'),
('SD0096', 'Syntyche', 'Stonehouse', '', '2008-05-09', '2024-09-01', '2', 'AC05', 'EC0087', 'Mother', 'C001'),
('SD0097', 'Daniel', 'Marsh', '', '2008-02-19', '2024-09-01', '2', 'AC02', 'EC0088', 'Mother', 'C005'),
('SD0098', 'Diana', 'Marsh', '', '2008-02-19', '2024-09-01', '2', 'AC03', 'EC0088', 'Mother', 'C002'),
('SD0099', 'Elkanah', 'Vane', '', '2008-09-23', '2025-09-01', '1', 'AC01', 'EC0089', 'Father', 'C004'),
('SD0100', 'Aquila', 'Grimshaw', '', '2008-02-23', '2024-09-01', '2', 'AC05', 'EC0090', 'Mother', 'C006'),
('SD0101', 'Japheth', 'Smith', '', '2008-10-07', '2025-09-01', '1', 'AC01', 'EC0091', 'Step-Mother', 'C001'),
('SD0102', 'Amelia', 'Jones', '', '2008-12-08', '2025-09-01', '1', 'AC02', 'EC0092', 'Mother', 'C002'),
('SD0103', 'George', 'Williams', '', '2007-11-09', '2024-09-01', '2', 'AC03', 'EC0093', 'Brother', 'C003'),
('SD0104', 'Isla', 'Taylor', '', '2007-04-17', '2025-09-01', '1', 'AC04', 'EC0094', 'Father', 'C004'),
('SD0105', 'Harry', 'Brownlee', '', '2007-09-18', '2024-09-01', '2', 'AC05', 'EC0095', 'Father', 'C005'),
('SD0106', 'Poppy', 'Brownmore', '', '2008-06-25', '2025-09-01', '1', 'AC06', 'EC0096', 'Sister', 'C006'),
('SD0107', 'Jack', 'Grainger', '', '2007-04-04', '2024-09-01', '2', 'AC07', 'EC0097', 'Brother', 'C001'),
('SD0108', 'Ava', 'Coldwell', '', '2007-07-02', '2025-09-01', '1', 'AC01', 'EC0098', 'Grandfather', 'C002'),
('SD0109', 'Charlie', 'Pembrook', '', '2007-11-10', '2025-09-01', '1', 'AC02', 'EC0099', 'Step-Mother', 'C003'),
('SD0110', 'Ella', 'Roberts', '', '2008-01-11', '2024-09-01', '2', 'AC03', 'EC0100', 'Guardian', 'C004'),
('SD0111', 'Thomas', 'Tanner', '', '2007-12-20', '2024-09-01', '2', 'AC04', 'EC0101', 'Father', 'C005'),
('SD0112', 'Mia', 'Mitchell', '', '2008-07-05', '2025-09-01', '1', 'AC05', 'EC0102', 'Grandmother', 'C006'),
('SD0113', 'Oscar', 'Mitchell', '', '2008-08-02', '2024-09-01', '2', 'AC06', 'EC0102', 'Mother', 'C001'),
('SD0114', 'Lilian', 'Martin', 'Lily', '2008-03-20', '2024-09-01', '2', 'AC07', 'EC0103', 'Father', 'C002'),
('SD0115', 'Paulinus', 'Archer', '', '2009-06-11', '2024-09-01', '2', 'AC01', 'EC0104', 'Mother', 'C003'),
('SD0116', 'Sophie', 'Wilson', '', '2010-02-11', '2025-09-01', '1', 'AC02', 'EC0105', 'Mother', 'C004'),
('SD0117', 'James', 'Wilson', '', '2010-02-11', '2025-09-01', '1', 'AC03', 'EC0105', 'Mother', 'C005'),
('SD0118', 'Emily', 'Robinson', '', '2006-11-01', '2024-09-01', '2', 'AC04', 'EC0106', 'Aunt', 'C006'),
('SD0119', 'Noah', 'Glover', '', '2008-02-23', '2025-09-01', '1', 'AC05', 'EC0107', 'Grandfather', 'C001'),
('SD0120', 'Naomi', 'Wright', '', '2007-09-13', '2024-09-01', '2', 'AC06', 'EC0108', 'Guardian', 'C002'),
('SD0121', 'Alfie', 'Weaver', '', '2007-12-12', '2024-09-01', '2', 'AC07', 'EC0109', 'Father', 'C003'),
('SD0122', 'Freya', 'Delacroix', '', '2008-02-02', '2024-09-01', '2', 'AC01', 'EC0110', 'Step-Father', 'C004'),
('SD0123', 'Freddie', 'Milker', '', '2007-10-04', '2024-09-01', '2', 'AC02', 'EC0111', 'Father', 'C005'),
('SD0124', 'Isabella', 'Fletcher', '', '2007-04-15', '2024-09-01', '2', 'AC03', 'EC0112', 'Mother', 'C006'),
('SD0125', 'Archie', 'Messenger', '', '2007-10-18', '2024-09-01', '2', 'AC04', 'EC0113', 'Mother', 'C001'),
('SD0126', 'Charlotte', 'Jensen', '', '2008-02-24', '2025-09-01', '1', 'AC05', 'EC0114', 'Mother', 'C002'),
('SD0127', 'Henry', 'Evans', '', '2007-12-15', '2024-09-01', '2', 'AC06', 'EC0115', 'Aunt', 'C003'),
('SD0128', 'Evie', 'Matthews', '', '2007-10-12', '2024-09-01', '2', 'AC07', 'EC0116', 'Guardian', 'C004'),
('SD0129', 'Dafydd', 'Reece', '', '2008-07-25', '2025-09-01', '1', 'AC01', 'EC0117', 'Step-Father', 'C005'),
('SD0130', 'Alice', 'Campbell', '', '2010-08-24', '2025-09-01', '1', 'AC02', 'EC0118', 'Uncle', 'C006'),
('SD0131', 'Sebastian', 'Moore', '', '2006-12-01', '2024-09-01', '2', 'AC03', 'EC0119', 'Mother', 'C004'),
('SD0132', 'Charlotte', 'Evans', '', '2008-07-25', '2025-09-01', '1', 'AC04', 'EC0120', 'Aunt', 'C002'),
('SD0133', 'Mia', 'Shaw', '', '2007-02-26', '2025-09-01', '1', 'AC05', 'EC0121', 'Grandfather', 'C003'),
('SD0134', 'Sophie', 'Brown', '', '2007-11-21', '2025-09-01', '1', 'AC06', 'EC0122', 'Mother', 'C004'),
('SD0135', 'Lucas', 'Carter', '', '2008-05-06', '2025-09-01', '1', 'AC07', 'EC0123', 'Step-Mother', 'C005'),
('SD0136', 'Louis', 'White', '', '2006-12-14', '2024-09-01', '2', 'AC01', 'EC0124', 'Mother', 'C006'),
('SD0137', 'Savannah', 'Davies', '', '2009-07-13', '2024-09-01', '2', 'AC02', 'EC0125', 'Step-Mother', 'C001'),
('SD0138', 'Chloe', 'Morgan', '', '2008-05-16', '2025-09-01', '1', 'AC03', 'EC0126', 'Grandmother', 'C002'),
('SD0139', 'Augusta', 'Robinson', '', '2007-05-24', '2024-09-01', '2', 'AC04', 'EC0127', 'Father', 'C003'),
('SD0140', 'Dinah', 'Edwards', '', '2007-05-16', '2025-09-01', '1', 'AC05', 'EC0128', 'Aunt', 'C004'),
('SD0141', 'Jamie', 'Cook', '', '2008-10-16', '2025-09-01', '1', 'AC06', 'EC0129', 'Mother', 'C005'),
('SD0142', 'Olivia', 'Richardson', '', '2007-05-17', '2024-09-01', '2', 'AC07', 'EC0130', 'Mother', 'C006'),
('SD0143', 'Hazel', 'Martin', '', '2008-05-05', '2025-09-01', '1', 'AC01', 'EC0131', 'Father', 'C001'),
('SD0144', 'Basil', 'Martin', '', '2008-09-11', '2024-09-01', '2', 'AC02', 'EC0131', 'Father', 'C001'),
('SD0145', 'Brioche', 'Warburton', '', '2007-04-18', '2024-09-01', '2', 'AC03', 'EC0132', 'Mother', 'C003'),
('SD0146', 'Pita', 'Warburton', '', '2008-06-24', '2025-09-01', '1', 'AC04', 'EC0132', 'Mother', 'C004'),
('SD0147', 'Rye', 'Warburton', '', '2007-07-03', '2025-09-01', '1', 'AC05', 'EC0132', 'Aunt', 'C005'),
('SD0148', 'Hayley', 'Thompson', '', '2007-02-01', '2024-09-01', '2', 'AC06', 'EC0133', 'Father', 'C006'),
('SD0149', 'George', 'Campbell', '', '2007-05-07', '2025-09-01', '1', 'AC07', 'EC0134', 'Mother', 'C001'),
('SD0150', 'Eva', 'Carter', '', '2008-12-10', '2025-09-01', '1', 'AC01', 'EC0135', 'Step-Mother', 'C002'),
('SD0151', 'Reuben', 'Brooks', '', '2007-10-04', '2025-09-01', '1', 'AC02', 'EC0137', 'Father', 'C003'),
('SD0152', 'Harriet', 'Fletcher', '', '2007-05-13', '2025-09-01', '1', 'AC06', 'EC0138', 'Father', 'C004'),
('SD0153', 'Theo', 'Hayes', '', '2008-11-09', '2025-09-01', '1', 'AC01', 'EC0139', 'Mother', 'C005'),
('SD0154', 'Zoe', 'Burton', '', '2007-06-05', '2024-09-01', '2', 'AC04', 'EC0140', 'Mother', 'C006'),
('SD0155', 'Finn', 'Fisher', '', '2007-04-26', '2024-09-01', '2', 'AC06', 'EC0141', 'Mother', 'C001'),
('SD0156', 'Uchenna', 'Okafor', '', '2010-01-20', '2024-09-01', '2', 'AC03', 'EC0142', 'Guardian', 'C002'),
('SD0157', 'Connor', 'Pearce', '', '2008-01-01', '2025-09-01', '1', 'AC01', 'EC0143', 'Mother', 'C003'),
('SD0158', 'Lucy', 'Martin', '', '2007-03-14', '2024-09-01', '2', 'AC05', 'EC0144', 'Mother', 'C004'),
('SD0159', 'Liam', 'Hussain', '', '2008-11-18', '2025-09-01', '1', 'AC03', 'EC0145', 'Mother', 'C005'),
('SD0160', 'Ruth', 'Parker', '', '2006-09-11', '2024-09-01', '2', 'AC06', 'EC0146', 'Mother', 'C006'),
('SD0161', 'Kevin', 'Baker', '', '2006-11-11', '2024-09-01', '2', 'AC07', 'EC0147', 'Aunt', 'C001'),
('SD0162', 'Amber', 'Cooke', '', '2007-01-06', '2025-09-01', '1', 'AC02', 'EC0148', 'Father', 'C002'),
('SD0163', 'Scarlett', 'Cooke', '', '2008-07-14', '2025-09-01', '1', 'AC04', 'EC0148', 'Father', 'C003'),
('SD0164', 'Yasmin', 'Cooke', '', '2005-10-21', '2024-09-01', '2', 'AC02', 'EC0148', 'Uncle', 'C004'),
('SD0165', 'Ryan', 'Hall', '', '2006-04-25', '2024-09-01', '2', 'AC05', 'EC0149', 'Mother', 'C005'),
('SD0166', 'Ginger', 'Edwinson', 'Ginny', '2007-05-22', '2025-09-01', '1', 'AC03', 'EC0150', 'Father', 'C006'),
('SD0167', 'Clementine', 'Harris', 'Clem', '2008-07-11', '2025-09-01', '1', 'AC06', 'EC0151', 'Father', 'C001'),
('SD0168', 'Bethany', 'Brown', '', '2007-10-22', '2025-09-01', '1', 'AC03', 'EC0152', 'Father', 'C002'),
('SD0169', 'Ahmed', 'Akbar', '', '2007-03-05', '2024-09-01', '2', 'AC02', 'EC0153', 'Brother', 'C003'),
('SD0170', 'Nani', 'Runner', '', '2008-12-22', '2025-09-01', '1', 'AC02', 'EC0154', 'Mother', 'C004'),
('SD0171', 'Tobias', 'Swanson', 'Toby', '2006-04-14', '2024-09-01', '2', 'AC06', 'EC0155', 'Aunt', 'C005'),
('SD0172', 'Fiona', 'Swanson', '', '2008-01-16', '2025-09-01', '1', 'AC07', 'EC0155', 'Mother', 'C006'),
('SD0173', 'Marcus', 'Swanson', '', '2008-01-16', '2025-09-01', '1', 'AC01', 'EC0155', 'Mother', 'C001'),
('SD0174', 'Lydia', 'McCarthy', '', '2006-08-10', '2024-09-01', '2', 'AC04', 'EC0156', 'Mother', 'C002'),
('SD0175', 'Patrick', 'Sullivan', '', '2007-08-26', '2025-09-01', '1', 'AC07', 'EC0157', 'Father', 'C003'),
('SD0176', 'Serena', 'Briner', '', '2006-11-12', '2024-09-01', '2', 'AC06', 'EC0158', 'Father', 'C004'),
('SD0177', 'Dominic', 'Ryston', '', '2007-01-27', '2025-09-01', '1', 'AC07', 'EC0159', 'Mother', 'C005'),
('SD0178', 'Clara', 'Moore', '', '2008-04-21', '2025-09-01', '1', 'AC05', 'EC0160', 'Guardian', 'C006'),
('SD0179', 'Leon', 'Walsh', '', '2007-11-23', '2024-09-01', '2', 'AC03', 'EC0161', 'Mother', 'C001'),
('SD0180', 'Ingrid', 'Turner', '', '2007-10-08', '2025-09-01', '1', 'AC07', 'EC0162', 'Father', 'C002'),
('SD0181', 'Matthias', 'Shaw', '', '2007-03-28', '2024-09-01', '2', 'AC01', 'EC0163', 'Guardian', 'C003'),
('SD0182', 'Brigitte', 'Walker', '', '2007-10-01', '2024-09-01', '2', 'AC04', 'EC0164', 'Step-Mother', 'C004'),
('SD0183', 'Raphael', 'Robinson', '', '2006-11-02', '2024-09-01', '2', 'AC06', 'EC0165', 'Brother', 'C005'),
('SD0184', 'Celeste', 'Smith', '', '2008-06-25', '2025-09-01', '1', 'AC03', 'EC0166', 'Aunt', 'C006'),
('SD0185', 'Edmund', 'Taylor', '', '2008-10-12', '2025-09-01', '1', 'AC05', 'EC0167', 'Mother', 'C001'),
('SD0186', 'Miriam', 'Walker', '', '2008-10-27', '2025-09-01', '1', 'AC01', 'EC0168', 'Aunt', 'C002'),
('SD0187', 'Aaron', 'Parker', '', '2008-11-09', '2025-09-01', '1', 'AC06', 'EC0169', 'Father', 'C003'),
('SD0188', 'Sylvia', 'Rumwold', '', '2007-02-13', '2024-09-01', '2', 'AC04', 'EC0170', 'Mother', 'C004'),
('SD0189', 'Athanasius', 'Reid', '', '2007-08-01', '2024-09-01', '2', 'AC05', 'EC0171', 'Guardian', 'C005'),
('SD0190', 'Michael', 'Melvin', 'Mike', '2008-12-09', '2025-09-01', '1', 'AC03', 'EC0172', 'Mother', 'C006'),
('SD0191', 'Gabriel', 'Melvin', 'Gabe', '2008-12-09', '2025-09-01', '1', 'AC03', 'EC0172', 'Mother', 'C001'),
('SD0192', 'Raphael', 'Melvin', 'Ralph', '2007-06-13', '2024-09-01', '2', 'AC05', 'EC0172', 'Mother', 'C002'),
('SD0193', 'Thaddeus', 'Novak', '', '2009-01-12', '2024-09-01', '2', 'AC02', 'EC0173', 'Step-Mother', 'C003'),
('SD0194', 'Cordelia', 'Dvorak', '', '2009-09-15', '2025-09-01', '1', 'AC01', 'EC0174', 'Uncle', 'C004'),
('SD0195', 'Alistair', 'Petrov', 'Ally', '2007-11-11', '2024-09-01', '2', 'AC04', 'EC0175', 'Mother', 'C005'),
('SD0196', 'Verity', 'Ionescu', 'Vera', '2008-10-05', '2025-09-01', '1', 'AC04', 'EC0176', 'Father', 'C006'),
('SD0197', 'Reginald', 'Parson', 'Reggie', '2008-09-22', '2025-09-01', '1', 'AC01', 'EC0177', 'Sister', 'C001'),
('SD0198', 'Arabella', 'Sexton', 'Bella', '2008-04-17', '2025-09-01', '1', 'AC07', 'EC0178', 'Mother', 'C002'),
('SD0199', 'Rose', 'Barbu', '', '2007-07-18', '2024-09-01', '2', 'AC01', 'EC0179', 'Mother', 'C003'),
('SD0200', 'Prudence', 'Stan', 'Prue', '2006-12-03', '2024-09-01', '2', 'AC02', 'EC0180', 'Father', 'C004');

--
-- Dumping data for table `teachers`
--

INSERT INTO `teachers` (`staff_id`, `first_name`, `last_name`, `course`, `phone_number`, `email_address`, `birth_date`, `salary`, `office_hours_1`, `office_hours_2`) VALUES
('T001', 'Benjamin', 'Zachary', 'Accounting', '07732984393', 'b.zachary@redfield-college.org.uk', '1988-05-12', 40000, 'Wed10001200', 'Fri14001600'),
('T002', 'Emily', 'Clarkson', 'Mathematics', '07834549283', 'e.clarkson@redfield-college.org.uk', '1989-03-21', 40000, 'Mon08001030', 'Wed17001900'),
('T003', 'Sara', 'Davidson', 'Mathematics', '07345673287', 's.davidson@redfield-college.org.uk', '1983-12-12', 37500, 'Thu12001430', 'Fri13001530'),
('T004', 'Michael', 'Brown', 'Law', '07839472849', 'm.brown@redfield-college.org.uk', '1964-07-17', 55000, 'Mon07001000', 'Fri08301000'),
('T005', 'Erica', 'Bentley', 'Accounting', '07439403849', 'e.bentley@redfield-college.org.uk', '2000-02-19', 30000, 'Mon09001200', 'Wed11001230'),
('T006', 'Abram', 'Hall', 'English', '07732949384', 'a.hall@redfield-college.org.uk', '1984-09-23', 35000, 'Wed10001200', 'Fri10001230'),
('T007', 'Wei', 'Zhang', 'Business', '07833462849', 'w.zhang@redfield-college.org.uk', '1983-03-21', 42500, 'Tue08001030', 'Wed18001900'),
('T008', 'Amara', 'Okafor', 'Computer Science', '07475203849', 'a.okafor@redfield-college.org.uk', '1973-02-19', 45000, 'Mon10001200', 'Tue11001300'),
('T009', 'Anne', 'Xavier', 'English', '0734657239', 'a.xavier@redfield-college.org.uk', '1993-09-12', 32500, 'Tue08001000', 'Thu17001900'),
('T010', 'Henry', 'Mint', 'Business', '07346572833', 'h.mint@redfield-college.org.uk', '1968-03-12', 40000, 'Mon09001130', 'Mon16001830'),
('T011', 'Carlos', 'Rivera', 'Computer Science', '07734837495', 'c.rivera@redfield-college.org.uk', '1978-05-12', 40000, 'Wed10001200', 'Fri13001530'),
('T012', 'Kwame', 'Asante', 'Law', '07748593574', 'k.asante@redfield-college.org.uk', '1999-03-21', 35000, 'Mon08301030', 'Wed18001900'),
('T013', 'Iris', 'Nixon', 'Accounting', '07748593574', 'i.nixon@redfield-college.org.uk', '1979-03-21', 47500, 'Mon07300930', 'Wed18001900'),
('T014', 'Dylan', 'Jones', 'Computer Science', '07893482948', 'd.jones@redfield-college.org.uk', '2004-05-07', 22500, 'Wed10001200', 'Fri13001500'),
('T015', 'Eunice', 'Arnold', 'Mathematics', '07498594833', 'e.arnold@redfield-college.org.uk', '1961-10-31', 60000, 'Mon09001200', 'Mon16001800');

--
-- Dumping data for table `year_groups`
--

INSERT INTO `year_groups` (`year_group_id`, `expected_grad_date`) VALUES
(1, '2027-06-30'),
(2, '2026-06-30');
COMMIT;

-- Creating users
-- CREATION OF USER ACCOUNTS AND DEFAULT PASSWORDS

CREATE USER IF NOT EXISTS 'KennethJones_DataManager'@'localhost' IDENTIFIED BY 'NewPassCode321!'; -- Full Permission
CREATE USER IF NOT EXISTS 'ThomasBluewood_AdmissionsOfficer'@'localhost' IDENTIFIED BY 'NewStaff345!'; -- Edit only
CREATE USER IF NOT EXISTS 'ShirleyChurh_Supervisor'@'localhost' IDENTIFIED BY 'ChangePassword345!!'; -- Read Only

-- ASSIGNING ROLES AND PRIVILEDGES
-- Admin: full control over company_db
GRANT ALL PRIVILEGES ON company_db.* TO 'KennethJones_DataManager'@'localhost';

-- Data entry: INSERT and UPDATE only (no DELETE, no schema changes)
GRANT SELECT, INSERT, UPDATE ON company_db.* TO 'ThomasBluewood_AdmissionsOfficer'@'localhost';

-- Read-only: SELECT only
GRANT SELECT ON company_db.* TO 'ShirleyChurh_Supervisor'@'localhost';

-- Reloading tables to apply priviledges
FLUSH PRIVILEGES;

/*!40101 SET CHARACTER_SET_CLIENT=@OLD_CHARACTER_SET_CLIENT */;
/*!40101 SET CHARACTER_SET_RESULTS=@OLD_CHARACTER_SET_RESULTS */;
/*!40101 SET COLLATION_CONNECTION=@OLD_COLLATION_CONNECTION */;
